SET DB_CLOSE_DELAY -1;         
;              
CREATE USER IF NOT EXISTS SA SALT '015dfd3b635e8cf8' HASH '2d990b27f1411c78615602718f8c53afb2a341d36d19f6436f85176d0575b7c7' ADMIN;            
CREATE SEQUENCE PUBLIC.SYSTEM_SEQUENCE_118FE7AB_F561_40BB_B7C3_BA1978B01571 START WITH 1 BELONGS_TO_TABLE;     
CREATE SEQUENCE PUBLIC.SYSTEM_SEQUENCE_BDE4758B_2102_40D4_9AB6_51FEF0A1B555 START WITH 1 BELONGS_TO_TABLE;     
CREATE SEQUENCE PUBLIC.SYSTEM_SEQUENCE_A65BD689_1B4E_41A7_98D1_613D97030CB2 START WITH 1 BELONGS_TO_TABLE;     
CREATE SEQUENCE PUBLIC.SYSTEM_SEQUENCE_9161C8BF_B71F_456C_AE27_F3FED227DF26 START WITH 72 BELONGS_TO_TABLE;    
CREATE SEQUENCE PUBLIC.SYSTEM_SEQUENCE_CAE3CAFB_7828_4F28_98B5_B44A02531868 START WITH 1 BELONGS_TO_TABLE;     
CREATE SEQUENCE PUBLIC.SYSTEM_SEQUENCE_4BDD83A4_15D1_459B_9772_8E5840C7AE30 START WITH 1 BELONGS_TO_TABLE;     
CREATE SEQUENCE PUBLIC.SYSTEM_SEQUENCE_422259A7_238A_429D_93F9_BEF6F71A3950 START WITH 48 BELONGS_TO_TABLE;    
CREATE SEQUENCE PUBLIC.SYSTEM_SEQUENCE_DCD34C72_1D38_4FCC_88D3_8F7447CF90DC START WITH 34 BELONGS_TO_TABLE;    
CREATE SEQUENCE PUBLIC.SYSTEM_SEQUENCE_E1B7571C_AE69_4AC7_AC03_3B93109299B8 START WITH 16 BELONGS_TO_TABLE;    
CREATE SEQUENCE PUBLIC.SYSTEM_SEQUENCE_1B09303D_309A_4EE5_BBF1_AD853C880E49 START WITH 64 BELONGS_TO_TABLE;    
CREATE SEQUENCE PUBLIC.SYSTEM_SEQUENCE_5EC3B18D_2891_4DC2_8567_6CBF11DA5408 START WITH 1 BELONGS_TO_TABLE;     
CREATE SEQUENCE PUBLIC.SYSTEM_SEQUENCE_2C8B7A1D_E377_4FB3_AB43_A904B35757C0 START WITH 30 BELONGS_TO_TABLE;    
CREATE SEQUENCE PUBLIC.SYSTEM_SEQUENCE_8620375B_8935_451E_93EE_4E85E24EE5C4 START WITH 24 BELONGS_TO_TABLE;    
CREATE SEQUENCE PUBLIC.SYSTEM_SEQUENCE_3DE30651_0B4E_4BE5_A4B9_6AB5DF9F4B25 START WITH 60 BELONGS_TO_TABLE;    
CREATE MEMORY TABLE PUBLIC.ACCOUNT(
    ID BIGINT DEFAULT (NEXT VALUE FOR PUBLIC.SYSTEM_SEQUENCE_3DE30651_0B4E_4BE5_A4B9_6AB5DF9F4B25) NOT NULL NULL_TO_DEFAULT SEQUENCE PUBLIC.SYSTEM_SEQUENCE_3DE30651_0B4E_4BE5_A4B9_6AB5DF9F4B25,
    CREATEDTS TIMESTAMP NOT NULL,
    MODIFIEDTS TIMESTAMP,
    UID VARCHAR(255) NOT NULL,
    VERSION BIGINT,
    NAME VARCHAR(255) NOT NULL,
    SELECTABLE BOOLEAN NOT NULL,
    DISPLAY VARCHAR(255),
    EXTERNALREFERENCE VARCHAR(255),
    FULLNAME VARCHAR(255),
    FULLNUMBER VARCHAR(255),
    NUMBER VARCHAR(255),
    TYPE VARCHAR(255) NOT NULL,
    CURRENCY_CODE VARCHAR(3),
    OWNER_ID BIGINT,
    PARENT_ID BIGINT
);
ALTER TABLE PUBLIC.ACCOUNT ADD CONSTRAINT PUBLIC.CONSTRAINT_E PRIMARY KEY(ID); 
-- 6 +/- SELECT COUNT(*) FROM PUBLIC.ACCOUNT;  
INSERT INTO PUBLIC.ACCOUNT(ID, CREATEDTS, MODIFIEDTS, UID, VERSION, NAME, SELECTABLE, DISPLAY, EXTERNALREFERENCE, FULLNAME, FULLNUMBER, NUMBER, TYPE, CURRENCY_CODE, OWNER_ID, PARENT_ID) VALUES
(49, TIMESTAMP '2015-12-18 23:37:58.635', NULL, '608e832a-db74-48e9-ba47-2748fe80fc36', 50, 'Asset', TRUE, NULL, NULL, 'Asset', '1', '1', 'ASSET', 'CHF', NULL, NULL),
(51, TIMESTAMP '2015-12-18 23:37:58.635', NULL, '2a615417-0a90-405e-bb35-62e9bc78a300', 52, 'Cash', TRUE, NULL, NULL, 'Asset:Cash', '1:2', '2', 'ASSET', 'CHF', NULL, 49),
(53, TIMESTAMP '2015-12-18 23:37:58.635', NULL, 'e015dee9-2434-4cec-987b-81d7082fd5f0', 54, 'Expense', TRUE, NULL, NULL, 'Expense', '3', '3', 'EXPENSE', 'CHF', NULL, NULL),
(55, TIMESTAMP '2015-12-18 23:37:58.636', NULL, '84a8396f-32e9-4b11-bf5d-289b90df35c0', 56, 'Food', TRUE, NULL, NULL, 'Expense:Food', '3:4', '4', 'EXPENSE', 'CHF', NULL, 53),
(57, TIMESTAMP '2015-12-18 23:37:58.636', NULL, 'e3f42e29-a40a-45e4-91dd-fa9b88b67ff2', 58, 'Car', TRUE, NULL, NULL, 'Expense:Car', '3:5', '5', 'EXPENSE', 'CHF', NULL, 53),
(59, TIMESTAMP '2015-12-18 23:37:58.636', NULL, '6f81d681-f45e-47b4-950b-c5be4e35c7a0', 60, 'Misc', TRUE, NULL, NULL, 'Expense:Misc', '3:6', '6', 'EXPENSE', 'CHF', NULL, 53);     
CREATE MEMORY TABLE PUBLIC.CITY(
    ID BIGINT DEFAULT (NEXT VALUE FOR PUBLIC.SYSTEM_SEQUENCE_E1B7571C_AE69_4AC7_AC03_3B93109299B8) NOT NULL NULL_TO_DEFAULT SEQUENCE PUBLIC.SYSTEM_SEQUENCE_E1B7571C_AE69_4AC7_AC03_3B93109299B8,
    CREATEDTS TIMESTAMP NOT NULL,
    MODIFIEDTS TIMESTAMP,
    UID VARCHAR(255) NOT NULL,
    VERSION BIGINT,
    DISPLAY VARCHAR(255),
    NAME VARCHAR(255) NOT NULL,
    ZIP VARCHAR(255),
    COUNTRY_CODE VARCHAR(2)
);               
ALTER TABLE PUBLIC.CITY ADD CONSTRAINT PUBLIC.CONSTRAINT_1 PRIMARY KEY(ID);    
-- 8 +/- SELECT COUNT(*) FROM PUBLIC.CITY;     
INSERT INTO PUBLIC.CITY(ID, CREATEDTS, MODIFIEDTS, UID, VERSION, DISPLAY, NAME, ZIP, COUNTRY_CODE) VALUES
(1, TIMESTAMP '2015-12-18 23:37:58.629', NULL, 'f56944f3-a821-4c35-b216-1515688c3242', 2, NULL, 'London', NULL, 'UK'),
(3, TIMESTAMP '2015-12-18 23:37:58.629', NULL, 'e34662be-f99d-4a4a-b3b3-268bc1f02ba6', 4, NULL, 'Paris', NULL, 'FR'),
(5, TIMESTAMP '2015-12-18 23:37:58.629', NULL, '021a428b-a881-44b8-b622-1640286a58ed', 6, NULL, 'Nyon', '1260', 'CH'),
(7, TIMESTAMP '2015-12-18 23:37:58.63', NULL, 'caf24208-e624-4c02-bf80-3b31d3eae0da', 8, NULL, 'Gland', '1196', 'CH'),
(9, TIMESTAMP '2015-12-18 23:37:58.63', NULL, '348e33d8-13e3-4fe0-870f-125474030061', 10, NULL, 'Prangins', '1197', 'CH'),
(11, TIMESTAMP '2015-12-18 23:37:58.63', NULL, 'b43256f1-0415-45dd-aff8-601643786355', 12, NULL, 'Lausanne', '1001', 'CH'),
(13, TIMESTAMP '2015-12-18 23:37:58.63', NULL, '6950bb8f-884d-4be7-a909-dbc116cf3c76', 14, NULL, 'Zoug ', '6000', 'CH'),
(15, TIMESTAMP '2015-12-18 23:37:58.63', NULL, '93221f07-6a11-4f21-a1fc-6cd18e2b3dce', 16, NULL, 'Zurich', '8000', 'CH'); 
CREATE MEMORY TABLE PUBLIC.CONSOLIDATION(
    ID BIGINT DEFAULT (NEXT VALUE FOR PUBLIC.SYSTEM_SEQUENCE_5EC3B18D_2891_4DC2_8567_6CBF11DA5408) NOT NULL NULL_TO_DEFAULT SEQUENCE PUBLIC.SYSTEM_SEQUENCE_5EC3B18D_2891_4DC2_8567_6CBF11DA5408,
    CREATEDTS TIMESTAMP NOT NULL,
    MODIFIEDTS TIMESTAMP,
    UID VARCHAR(255) NOT NULL,
    VERSION BIGINT,
    CLOSINGBALANCE DECIMAL(19, 2),
    DATE DATE NOT NULL,
    DELTABALANCE DECIMAL(19, 2),
    OPENINGBALANCE DECIMAL(19, 2),
    INSTITUTION_ID BIGINT NOT NULL
);
ALTER TABLE PUBLIC.CONSOLIDATION ADD CONSTRAINT PUBLIC.CONSTRAINT_8 PRIMARY KEY(ID);           
-- 0 +/- SELECT COUNT(*) FROM PUBLIC.CONSOLIDATION;            
CREATE MEMORY TABLE PUBLIC.COUNTRY(
    CODE VARCHAR(2) NOT NULL,
    NAME VARCHAR(255) NOT NULL,
    CURRENCY_CODE VARCHAR(3) NOT NULL
);     
ALTER TABLE PUBLIC.COUNTRY ADD CONSTRAINT PUBLIC.CONSTRAINT_6 PRIMARY KEY(CODE);               
-- 6 +/- SELECT COUNT(*) FROM PUBLIC.COUNTRY;  
INSERT INTO PUBLIC.COUNTRY(CODE, NAME, CURRENCY_CODE) VALUES
('CH', 'Switzerland', 'CHF'),
('UK', 'United Kingdom', 'GBP'),
('FR', 'France', 'EUR'),
('IT', 'Italie', 'EUR'),
('DE', 'Germany', 'EUR'),
('US', 'United States of America', 'USD');             
CREATE MEMORY TABLE PUBLIC.CURRENCY(
    CODE VARCHAR(3) NOT NULL,
    NAME VARCHAR(255) NOT NULL,
    ROUNDINGFACTOR INTEGER,
    STRENGH INTEGER
);          
ALTER TABLE PUBLIC.CURRENCY ADD CONSTRAINT PUBLIC.CONSTRAINT_5 PRIMARY KEY(CODE);              
-- 4 +/- SELECT COUNT(*) FROM PUBLIC.CURRENCY; 
INSERT INTO PUBLIC.CURRENCY(CODE, NAME, ROUNDINGFACTOR, STRENGH) VALUES
('CHF', 'Swiss Francs', 20, NULL),
('EUR', 'Euro', 100, NULL),
('USD', 'US Dollar', 100, NULL),
('GBP', 'British Pounds', 100, NULL);  
CREATE MEMORY TABLE PUBLIC.DISCRIMINATOR(
    ID BIGINT DEFAULT (NEXT VALUE FOR PUBLIC.SYSTEM_SEQUENCE_4BDD83A4_15D1_459B_9772_8E5840C7AE30) NOT NULL NULL_TO_DEFAULT SEQUENCE PUBLIC.SYSTEM_SEQUENCE_4BDD83A4_15D1_459B_9772_8E5840C7AE30,
    CREATEDTS TIMESTAMP NOT NULL,
    MODIFIEDTS TIMESTAMP,
    UID VARCHAR(255) NOT NULL,
    VERSION BIGINT,
    NAME VARCHAR(255) NOT NULL,
    SELECTABLE BOOLEAN NOT NULL,
    PARENT_ID BIGINT
);            
ALTER TABLE PUBLIC.DISCRIMINATOR ADD CONSTRAINT PUBLIC.CONSTRAINT_4 PRIMARY KEY(ID);           
-- 0 +/- SELECT COUNT(*) FROM PUBLIC.DISCRIMINATOR;            
CREATE MEMORY TABLE PUBLIC.EXCHANGERATE(
    ID BIGINT DEFAULT (NEXT VALUE FOR PUBLIC.SYSTEM_SEQUENCE_2C8B7A1D_E377_4FB3_AB43_A904B35757C0) NOT NULL NULL_TO_DEFAULT SEQUENCE PUBLIC.SYSTEM_SEQUENCE_2C8B7A1D_E377_4FB3_AB43_A904B35757C0,
    CREATEDTS TIMESTAMP NOT NULL,
    MODIFIEDTS TIMESTAMP,
    UID VARCHAR(255) NOT NULL,
    VERSION BIGINT,
    DATE DATE,
    FEE DOUBLE,
    FIXFEE DOUBLE,
    RATE DOUBLE NOT NULL,
    FROMCURRENCY_CODE VARCHAR(3) NOT NULL,
    INSTITUTION_ID BIGINT,
    TOCURRENCY_CODE VARCHAR(3) NOT NULL
);         
ALTER TABLE PUBLIC.EXCHANGERATE ADD CONSTRAINT PUBLIC.CONSTRAINT_D PRIMARY KEY(ID);            
-- 3 +/- SELECT COUNT(*) FROM PUBLIC.EXCHANGERATE;             
INSERT INTO PUBLIC.EXCHANGERATE(ID, CREATEDTS, MODIFIEDTS, UID, VERSION, DATE, FEE, FIXFEE, RATE, FROMCURRENCY_CODE, INSTITUTION_ID, TOCURRENCY_CODE) VALUES
(25, TIMESTAMP '2015-12-18 23:37:58.633', NULL, 'd3b129f7-ecba-46fd-a4fa-f153a3cefa31', 26, DATE '2000-01-01', NULL, NULL, 1.6, 'EUR', NULL, 'CHF'),
(27, TIMESTAMP '2015-12-18 23:37:58.633', NULL, '84b22c17-f63e-437c-a829-09d86ad1cb70', 28, DATE '2015-01-01', NULL, NULL, 1.2, 'EUR', NULL, 'CHF'),
(29, TIMESTAMP '2015-12-18 23:37:58.634', NULL, 'ae4a95b0-ee61-489f-bf96-2e198defe2a6', 30, DATE '2015-01-01', NULL, NULL, 1.48315, 'GBP', NULL, 'CHF');
CREATE MEMORY TABLE PUBLIC.EXPENSE(
    ID BIGINT DEFAULT (NEXT VALUE FOR PUBLIC.SYSTEM_SEQUENCE_1B09303D_309A_4EE5_BBF1_AD853C880E49) NOT NULL NULL_TO_DEFAULT SEQUENCE PUBLIC.SYSTEM_SEQUENCE_1B09303D_309A_4EE5_BBF1_AD853C880E49,
    CREATEDTS TIMESTAMP NOT NULL,
    MODIFIEDTS TIMESTAMP,
    UID VARCHAR(255) NOT NULL,
    VERSION BIGINT,
    AMOUNT DECIMAL(19, 2) NOT NULL,
    DATE TIMESTAMP NOT NULL,
    DESCRIPTION VARCHAR(255),
    EXTERNALREFERENCE VARCHAR(255),
    PAYED VARCHAR(255),
    CURRENCY_CODE VARCHAR(3) NOT NULL,
    PAYEE_ID BIGINT NOT NULL,
    PAYMENT_ID BIGINT,
    TYPE_ID BIGINT
);              
ALTER TABLE PUBLIC.EXPENSE ADD CONSTRAINT PUBLIC.CONSTRAINT_DC PRIMARY KEY(ID);
-- 2 +/- SELECT COUNT(*) FROM PUBLIC.EXPENSE;  
INSERT INTO PUBLIC.EXPENSE(ID, CREATEDTS, MODIFIEDTS, UID, VERSION, AMOUNT, DATE, DESCRIPTION, EXTERNALREFERENCE, PAYED, CURRENCY_CODE, PAYEE_ID, PAYMENT_ID, TYPE_ID) VALUES
(61, TIMESTAMP '2015-12-18 23:37:58.636', NULL, 'bdf2f8c9-bd67-4fae-964a-141895b73a85', 62, 100.00, TIMESTAMP '2015-02-01 00:00:00.0', NULL, NULL, 'Migros, 1260 Nyon (CH)', 'CHF', 45, NULL, 23),
(63, TIMESTAMP '2015-12-18 23:37:58.639', NULL, '08c03eb4-6b5d-47de-b6b4-17c39b4c60e6', 64, 86.00, TIMESTAMP '2012-12-02 00:00:00.0', NULL, NULL, 'Guinness World, London (UK)', 'GBP', 47, NULL, 23);        
CREATE MEMORY TABLE PUBLIC.EXPENSETYPE(
    ID BIGINT DEFAULT (NEXT VALUE FOR PUBLIC.SYSTEM_SEQUENCE_8620375B_8935_451E_93EE_4E85E24EE5C4) NOT NULL NULL_TO_DEFAULT SEQUENCE PUBLIC.SYSTEM_SEQUENCE_8620375B_8935_451E_93EE_4E85E24EE5C4,
    CREATEDTS TIMESTAMP NOT NULL,
    MODIFIEDTS TIMESTAMP,
    UID VARCHAR(255) NOT NULL,
    VERSION BIGINT,
    NAME VARCHAR(255) NOT NULL,
    SELECTABLE BOOLEAN NOT NULL,
    PAYMENTGENERATORCLASSNAME VARCHAR(255)
);        
ALTER TABLE PUBLIC.EXPENSETYPE ADD CONSTRAINT PUBLIC.CONSTRAINT_1FB PRIMARY KEY(ID);           
-- 4 +/- SELECT COUNT(*) FROM PUBLIC.EXPENSETYPE;              
INSERT INTO PUBLIC.EXPENSETYPE(ID, CREATEDTS, MODIFIEDTS, UID, VERSION, NAME, SELECTABLE, PAYMENTGENERATORCLASSNAME) VALUES
(17, TIMESTAMP '2015-12-18 23:37:58.631', NULL, '14642a2f-4c38-467d-8eea-800de9e8327e', 18, 'BVO', TRUE, 'w.wexpense.dta.BvoDtaFormater'),
(19, TIMESTAMP '2015-12-18 23:37:58.631', NULL, '348a5c87-3371-4451-8161-004b5fe7b862', 20, 'BVR', TRUE, 'w.wexpense.dta.BvrDtaFormater'),
(21, TIMESTAMP '2015-12-18 23:37:58.632', NULL, '002a8c23-0cf0-4ea6-88b7-54a28307963f', 22, 'iban', TRUE, 'w.wexpense.dta.IbanDtaFormater'),
(23, TIMESTAMP '2015-12-18 23:37:58.632', NULL, 'bf195a01-eae5-4397-8dfc-3359541bb4f3', 24, 'recu', TRUE, NULL);
CREATE MEMORY TABLE PUBLIC.PAYEE(
    ID BIGINT DEFAULT (NEXT VALUE FOR PUBLIC.SYSTEM_SEQUENCE_422259A7_238A_429D_93F9_BEF6F71A3950) NOT NULL NULL_TO_DEFAULT SEQUENCE PUBLIC.SYSTEM_SEQUENCE_422259A7_238A_429D_93F9_BEF6F71A3950,
    CREATEDTS TIMESTAMP NOT NULL,
    MODIFIEDTS TIMESTAMP,
    UID VARCHAR(255) NOT NULL,
    VERSION BIGINT,
    ADDRESS1 VARCHAR(255),
    ADDRESS2 VARCHAR(255),
    DISPLAY VARCHAR(255),
    IBAN VARCHAR(255),
    NAME VARCHAR(255) NOT NULL,
    POSTALACCOUNT VARCHAR(255),
    PREFIX VARCHAR(255),
    BANKDETAILS_ID BIGINT,
    CITY_ID BIGINT,
    TYPE_ID BIGINT
);        
ALTER TABLE PUBLIC.PAYEE ADD CONSTRAINT PUBLIC.CONSTRAINT_48 PRIMARY KEY(ID);  
-- 7 +/- SELECT COUNT(*) FROM PUBLIC.PAYEE;    
INSERT INTO PUBLIC.PAYEE(ID, CREATEDTS, MODIFIEDTS, UID, VERSION, ADDRESS1, ADDRESS2, DISPLAY, IBAN, NAME, POSTALACCOUNT, PREFIX, BANKDETAILS_ID, CITY_ID, TYPE_ID) VALUES
(35, TIMESTAMP '2015-12-18 23:37:58.634', NULL, '052dda6e-44bb-4a69-a4a3-cfd05b96b068', 36, '11 ch. du Grand Noyer', NULL, NULL, 'CH650022822851333340B', 'William Keyser', NULL, NULL, NULL, 9, NULL),
(37, TIMESTAMP '2015-12-18 23:37:58.634', NULL, 'c33ee2c0-42ae-4ed2-b30a-6c20a6b89525', 38, NULL, NULL, NULL, NULL, 'Banque Cantonale Vaudoise', NULL, NULL, NULL, 11, NULL),
(39, TIMESTAMP '2015-12-18 23:37:58.634', NULL, '0b87fed7-8a33-4e62-a1cf-3f424496411d', 40, 'Rue du mont-le-grand 32', NULL, NULL, 'CH8400767000T09306497', 'Blondel Yves', NULL, NULL, 37, 7, 33),
(41, TIMESTAMP '2015-12-18 23:37:58.635', NULL, 'a1cd79f5-2c8c-4ed6-9775-670bb33bb83d', 42, 'Case Postal 1359', NULL, NULL, NULL, 'Talk Talk AG', '01-2546-3', NULL, NULL, 13, 31),
(43, TIMESTAMP '2015-12-18 23:37:58.635', NULL, 'a873ba45-5bcb-410c-86c4-6f62dd12aa9d', 44, 'Binzmuhlestrasse 130', NULL, NULL, NULL, 'Sunrise', '01-053099-3', NULL, NULL, 15, 31),
(45, TIMESTAMP '2015-12-18 23:37:58.635', NULL, '02ed1e42-adb8-4c6f-a4e5-dbc71e14ea78', 46, NULL, NULL, NULL, NULL, 'Migros', NULL, NULL, NULL, 5, NULL),
(47, TIMESTAMP '2015-12-18 23:37:58.635', NULL, '026772c9-80ba-4864-ae36-bf0bb1ecabaa', 48, NULL, NULL, NULL, NULL, 'Guinness World', NULL, NULL, NULL, 1, NULL);      
CREATE MEMORY TABLE PUBLIC.PAYEETYPE(
    ID BIGINT DEFAULT (NEXT VALUE FOR PUBLIC.SYSTEM_SEQUENCE_DCD34C72_1D38_4FCC_88D3_8F7447CF90DC) NOT NULL NULL_TO_DEFAULT SEQUENCE PUBLIC.SYSTEM_SEQUENCE_DCD34C72_1D38_4FCC_88D3_8F7447CF90DC,
    CREATEDTS TIMESTAMP NOT NULL,
    MODIFIEDTS TIMESTAMP,
    UID VARCHAR(255) NOT NULL,
    VERSION BIGINT,
    NAME VARCHAR(255) NOT NULL,
    SELECTABLE BOOLEAN NOT NULL
);      
ALTER TABLE PUBLIC.PAYEETYPE ADD CONSTRAINT PUBLIC.CONSTRAINT_9 PRIMARY KEY(ID);               
-- 2 +/- SELECT COUNT(*) FROM PUBLIC.PAYEETYPE;
INSERT INTO PUBLIC.PAYEETYPE(ID, CREATEDTS, MODIFIEDTS, UID, VERSION, NAME, SELECTABLE) VALUES
(31, TIMESTAMP '2015-12-18 23:37:58.634', NULL, 'd1dcd199-dbf4-4a57-bc00-c905ec7a8300', 32, 'Phone', TRUE),
(33, TIMESTAMP '2015-12-18 23:37:58.634', NULL, 'fbbea814-f137-469a-b583-fcc255a4cd7e', 34, 'Wine', TRUE);          
CREATE MEMORY TABLE PUBLIC.PAYMENT(
    ID BIGINT DEFAULT (NEXT VALUE FOR PUBLIC.SYSTEM_SEQUENCE_A65BD689_1B4E_41A7_98D1_613D97030CB2) NOT NULL NULL_TO_DEFAULT SEQUENCE PUBLIC.SYSTEM_SEQUENCE_A65BD689_1B4E_41A7_98D1_613D97030CB2,
    CREATEDTS TIMESTAMP NOT NULL,
    MODIFIEDTS TIMESTAMP,
    UID VARCHAR(255) NOT NULL,
    VERSION BIGINT,
    DATE DATE,
    FILENAME VARCHAR(255) NOT NULL,
    SELECTABLE BOOLEAN NOT NULL
);     
ALTER TABLE PUBLIC.PAYMENT ADD CONSTRAINT PUBLIC.CONSTRAINT_F PRIMARY KEY(ID); 
-- 0 +/- SELECT COUNT(*) FROM PUBLIC.PAYMENT;  
CREATE MEMORY TABLE PUBLIC.PAYMENTDTA(
    ID BIGINT DEFAULT (NEXT VALUE FOR PUBLIC.SYSTEM_SEQUENCE_118FE7AB_F561_40BB_B7C3_BA1978B01571) NOT NULL NULL_TO_DEFAULT SEQUENCE PUBLIC.SYSTEM_SEQUENCE_118FE7AB_F561_40BB_B7C3_BA1978B01571,
    CREATEDTS TIMESTAMP NOT NULL,
    MODIFIEDTS TIMESTAMP,
    UID VARCHAR(255) NOT NULL,
    VERSION BIGINT,
    DATA VARCHAR(128) NOT NULL,
    ORDERBY INTEGER NOT NULL,
    EXPENSE_ID BIGINT,
    PAYMENT_ID BIGINT NOT NULL
); 
ALTER TABLE PUBLIC.PAYMENTDTA ADD CONSTRAINT PUBLIC.CONSTRAINT_7 PRIMARY KEY(ID);              
-- 0 +/- SELECT COUNT(*) FROM PUBLIC.PAYMENTDTA;               
CREATE MEMORY TABLE PUBLIC.REPEATER(
    ID BIGINT DEFAULT (NEXT VALUE FOR PUBLIC.SYSTEM_SEQUENCE_CAE3CAFB_7828_4F28_98B5_B44A02531868) NOT NULL NULL_TO_DEFAULT SEQUENCE PUBLIC.SYSTEM_SEQUENCE_CAE3CAFB_7828_4F28_98B5_B44A02531868,
    CREATEDTS TIMESTAMP NOT NULL,
    MODIFIEDTS TIMESTAMP,
    UID VARCHAR(255) NOT NULL,
    VERSION BIGINT,
    CRON VARCHAR(255) NOT NULL,
    NAME VARCHAR(255) NOT NULL,
    TIMES INTEGER
);     
ALTER TABLE PUBLIC.REPEATER ADD CONSTRAINT PUBLIC.CONSTRAINT_14 PRIMARY KEY(ID);               
-- 0 +/- SELECT COUNT(*) FROM PUBLIC.REPEATER; 
CREATE MEMORY TABLE PUBLIC.TEMPLATE(
    ID BIGINT DEFAULT (NEXT VALUE FOR PUBLIC.SYSTEM_SEQUENCE_BDE4758B_2102_40D4_9AB6_51FEF0A1B555) NOT NULL NULL_TO_DEFAULT SEQUENCE PUBLIC.SYSTEM_SEQUENCE_BDE4758B_2102_40D4_9AB6_51FEF0A1B555,
    CREATEDTS TIMESTAMP NOT NULL,
    MODIFIEDTS TIMESTAMP,
    UID VARCHAR(255) NOT NULL,
    VERSION BIGINT,
    AMOUNT DECIMAL(19, 2),
    DESCRIPTION VARCHAR(255),
    EXTERNALREFERENCE VARCHAR(255),
    INFACTOR INTEGER,
    OUTFACTOR INTEGER,
    TEMPLATEDESCRIPTION VARCHAR(255),
    TEMPLATEMENU VARCHAR(255),
    TEMPLATENAME VARCHAR(255) NOT NULL,
    TEMPLATEORDER INTEGER,
    CURRENCY_CODE VARCHAR(3),
    INACCOUNT_ID BIGINT,
    INDISCRIMINATOR_ID BIGINT,
    OUTACCOUNT_ID BIGINT,
    OUTDISCRIMINATOR_ID BIGINT,
    PAYEE_ID BIGINT,
    TYPE_ID BIGINT
);             
ALTER TABLE PUBLIC.TEMPLATE ADD CONSTRAINT PUBLIC.CONSTRAINT_DFE PRIMARY KEY(ID);              
-- 0 +/- SELECT COUNT(*) FROM PUBLIC.TEMPLATE; 
CREATE MEMORY TABLE PUBLIC.TRANSACTIONLINE(
    ID BIGINT DEFAULT (NEXT VALUE FOR PUBLIC.SYSTEM_SEQUENCE_9161C8BF_B71F_456C_AE27_F3FED227DF26) NOT NULL NULL_TO_DEFAULT SEQUENCE PUBLIC.SYSTEM_SEQUENCE_9161C8BF_B71F_456C_AE27_F3FED227DF26,
    CREATEDTS TIMESTAMP NOT NULL,
    MODIFIEDTS TIMESTAMP,
    UID VARCHAR(255) NOT NULL,
    VERSION BIGINT,
    AMOUNT DECIMAL(19, 2) NOT NULL,
    BALANCE DECIMAL(19, 2),
    DATE TIMESTAMP,
    DESCRIPTION VARCHAR(255),
    FACTOR INTEGER NOT NULL,
    PERIOD INTEGER,
    VALUE DECIMAL(19, 2) NOT NULL,
    ACCOUNT_ID BIGINT NOT NULL,
    CONSOLIDATION_ID BIGINT,
    DISCRIMINATOR_ID BIGINT,
    EXCHANGERATE_ID BIGINT,
    EXPENSE_ID BIGINT
);              
ALTER TABLE PUBLIC.TRANSACTIONLINE ADD CONSTRAINT PUBLIC.CONSTRAINT_8D PRIMARY KEY(ID);        
-- 4 +/- SELECT COUNT(*) FROM PUBLIC.TRANSACTIONLINE;          
INSERT INTO PUBLIC.TRANSACTIONLINE(ID, CREATEDTS, MODIFIEDTS, UID, VERSION, AMOUNT, BALANCE, DATE, DESCRIPTION, FACTOR, PERIOD, VALUE, ACCOUNT_ID, CONSOLIDATION_ID, DISCRIMINATOR_ID, EXCHANGERATE_ID, EXPENSE_ID) VALUES
(65, TIMESTAMP '2015-12-18 23:37:58.637', NULL, 'fc6b8d69-1ad4-4e54-8d66-9a5e4c1d5dc7', 66, 100.00, NULL, TIMESTAMP '2015-02-01 00:00:00.0', NULL, -1, NULL, 100.00, 51, NULL, NULL, NULL, 61),
(67, TIMESTAMP '2015-12-18 23:37:58.638', NULL, 'a7262381-eaa6-4c8e-9dfa-64a00cd184a4', 68, 100.00, NULL, TIMESTAMP '2015-02-01 00:00:00.0', NULL, 1, NULL, 100.00, 57, NULL, NULL, NULL, 61),
(69, TIMESTAMP '2015-12-18 23:37:58.639', NULL, '5636a2f9-c40c-4276-86af-487a7efef8a4', 70, 86.00, NULL, TIMESTAMP '2012-12-02 00:00:00.0', NULL, -1, NULL, 127.55, 51, NULL, NULL, 29, 63),
(71, TIMESTAMP '2015-12-18 23:37:58.639', NULL, '1de070ff-18f6-4f18-8c93-4d7dd56181e5', 72, 86.00, NULL, TIMESTAMP '2012-12-02 00:00:00.0', NULL, 1, NULL, 127.55, 59, NULL, NULL, 29, 63);             
ALTER TABLE PUBLIC.EXCHANGERATE ADD CONSTRAINT PUBLIC.CONSTRAINT_DF UNIQUE(UID);               
ALTER TABLE PUBLIC.DISCRIMINATOR ADD CONSTRAINT PUBLIC.CONSTRAINT_49 UNIQUE(UID);              
ALTER TABLE PUBLIC.PAYEETYPE ADD CONSTRAINT PUBLIC.CONSTRAINT_93 UNIQUE(UID);  
ALTER TABLE PUBLIC.ACCOUNT ADD CONSTRAINT PUBLIC.CONSTRAINT_E4 UNIQUE(UID);    
ALTER TABLE PUBLIC.EXPENSETYPE ADD CONSTRAINT PUBLIC.CONSTRAINT_1FB2 UNIQUE(UID);              
ALTER TABLE PUBLIC.PAYMENTDTA ADD CONSTRAINT PUBLIC.CONSTRAINT_7D UNIQUE(UID); 
ALTER TABLE PUBLIC.TRANSACTIONLINE ADD CONSTRAINT PUBLIC.CONSTRAINT_8DE UNIQUE(UID);           
ALTER TABLE PUBLIC.PAYEE ADD CONSTRAINT PUBLIC.CONSTRAINT_486 UNIQUE(UID);     
ALTER TABLE PUBLIC.CONSOLIDATION ADD CONSTRAINT PUBLIC.CONSTRAINT_82 UNIQUE(UID);              
ALTER TABLE PUBLIC.EXPENSE ADD CONSTRAINT PUBLIC.CONSTRAINT_DCC UNIQUE(UID);   
ALTER TABLE PUBLIC.TEMPLATE ADD CONSTRAINT PUBLIC.CONSTRAINT_DFE0 UNIQUE(UID); 
ALTER TABLE PUBLIC.REPEATER ADD CONSTRAINT PUBLIC.CONSTRAINT_149 UNIQUE(UID);  
ALTER TABLE PUBLIC.PAYMENT ADD CONSTRAINT PUBLIC.CONSTRAINT_FB UNIQUE(UID);    
ALTER TABLE PUBLIC.CITY ADD CONSTRAINT PUBLIC.CONSTRAINT_1F UNIQUE(UID);       
ALTER TABLE PUBLIC.PAYEE ADD CONSTRAINT PUBLIC.FK49543283AC9FDB5 FOREIGN KEY(CITY_ID) REFERENCES PUBLIC.CITY(ID) NOCHECK;      
ALTER TABLE PUBLIC.DISCRIMINATOR ADD CONSTRAINT PUBLIC.FKBF12767C57CB15F1 FOREIGN KEY(PARENT_ID) REFERENCES PUBLIC.DISCRIMINATOR(ID) NOCHECK;  
ALTER TABLE PUBLIC.CITY ADD CONSTRAINT PUBLIC.FK200D8BB7165AD1 FOREIGN KEY(COUNTRY_CODE) REFERENCES PUBLIC.COUNTRY(CODE) NOCHECK;              
ALTER TABLE PUBLIC.ACCOUNT ADD CONSTRAINT PUBLIC.FK1D0C220DF59EEBC7 FOREIGN KEY(CURRENCY_CODE) REFERENCES PUBLIC.CURRENCY(CODE) NOCHECK;       
ALTER TABLE PUBLIC.TRANSACTIONLINE ADD CONSTRAINT PUBLIC.FKFD70FD2AFA94CDF FOREIGN KEY(ACCOUNT_ID) REFERENCES PUBLIC.ACCOUNT(ID) NOCHECK;      
ALTER TABLE PUBLIC.TEMPLATE ADD CONSTRAINT PUBLIC.FKB515309A5B8BBB7 FOREIGN KEY(TYPE_ID) REFERENCES PUBLIC.EXPENSETYPE(ID) NOCHECK;            
ALTER TABLE PUBLIC.TEMPLATE ADD CONSTRAINT PUBLIC.FKB515309A9CFEDDE4 FOREIGN KEY(INDISCRIMINATOR_ID) REFERENCES PUBLIC.DISCRIMINATOR(ID) NOCHECK;              
ALTER TABLE PUBLIC.TRANSACTIONLINE ADD CONSTRAINT PUBLIC.FKFD70FD2542BBABF FOREIGN KEY(DISCRIMINATOR_ID) REFERENCES PUBLIC.DISCRIMINATOR(ID) NOCHECK;          
ALTER TABLE PUBLIC.PAYEE ADD CONSTRAINT PUBLIC.FK495432896A05241 FOREIGN KEY(BANKDETAILS_ID) REFERENCES PUBLIC.PAYEE(ID) NOCHECK;              
ALTER TABLE PUBLIC.EXPENSE ADD CONSTRAINT PUBLIC.FK152D6038F59EEBC7 FOREIGN KEY(CURRENCY_CODE) REFERENCES PUBLIC.CURRENCY(CODE) NOCHECK;       
ALTER TABLE PUBLIC.TEMPLATE ADD CONSTRAINT PUBLIC.FKB515309AE4B10E0D FOREIGN KEY(OUTDISCRIMINATOR_ID) REFERENCES PUBLIC.DISCRIMINATOR(ID) NOCHECK;             
ALTER TABLE PUBLIC.EXCHANGERATE ADD CONSTRAINT PUBLIC.FK5F01D9C39C357D2C FOREIGN KEY(TOCURRENCY_CODE) REFERENCES PUBLIC.CURRENCY(CODE) NOCHECK;
ALTER TABLE PUBLIC.PAYMENTDTA ADD CONSTRAINT PUBLIC.FKD6F4320BCC4C18FF FOREIGN KEY(EXPENSE_ID) REFERENCES PUBLIC.EXPENSE(ID) NOCHECK;          
ALTER TABLE PUBLIC.TRANSACTIONLINE ADD CONSTRAINT PUBLIC.FKFD70FD2CB63D0BF FOREIGN KEY(CONSOLIDATION_ID) REFERENCES PUBLIC.CONSOLIDATION(ID) NOCHECK;          
ALTER TABLE PUBLIC.TEMPLATE ADD CONSTRAINT PUBLIC.FKB515309A164AB2AD FOREIGN KEY(OUTACCOUNT_ID) REFERENCES PUBLIC.ACCOUNT(ID) NOCHECK;         
ALTER TABLE PUBLIC.EXPENSE ADD CONSTRAINT PUBLIC.FK152D60385B8BBB7 FOREIGN KEY(TYPE_ID) REFERENCES PUBLIC.EXPENSETYPE(ID) NOCHECK;             
ALTER TABLE PUBLIC.EXPENSE ADD CONSTRAINT PUBLIC.FK152D6038C5D7C03F FOREIGN KEY(PAYEE_ID) REFERENCES PUBLIC.PAYEE(ID) NOCHECK; 
ALTER TABLE PUBLIC.TRANSACTIONLINE ADD CONSTRAINT PUBLIC.FKFD70FD2CC4C18FF FOREIGN KEY(EXPENSE_ID) REFERENCES PUBLIC.EXPENSE(ID) ON DELETE CASCADE NOCHECK;    
ALTER TABLE PUBLIC.PAYMENTDTA ADD CONSTRAINT PUBLIC.FKD6F4320B56F6923F FOREIGN KEY(PAYMENT_ID) REFERENCES PUBLIC.PAYMENT(ID) NOCHECK;          
ALTER TABLE PUBLIC.TEMPLATE ADD CONSTRAINT PUBLIC.FKB515309AF59EEBC7 FOREIGN KEY(CURRENCY_CODE) REFERENCES PUBLIC.CURRENCY(CODE) NOCHECK;      
ALTER TABLE PUBLIC.ACCOUNT ADD CONSTRAINT PUBLIC.FK1D0C220D5AF1E142 FOREIGN KEY(PARENT_ID) REFERENCES PUBLIC.ACCOUNT(ID) NOCHECK;              
ALTER TABLE PUBLIC.CONSOLIDATION ADD CONSTRAINT PUBLIC.FKF8DF3E0CD6BF7CF FOREIGN KEY(INSTITUTION_ID) REFERENCES PUBLIC.PAYEE(ID) NOCHECK;      
ALTER TABLE PUBLIC.EXCHANGERATE ADD CONSTRAINT PUBLIC.FK5F01D9C3D6BF7CF FOREIGN KEY(INSTITUTION_ID) REFERENCES PUBLIC.PAYEE(ID) NOCHECK;       
ALTER TABLE PUBLIC.TEMPLATE ADD CONSTRAINT PUBLIC.FKB515309AC5D7C03F FOREIGN KEY(PAYEE_ID) REFERENCES PUBLIC.PAYEE(ID) NOCHECK;
ALTER TABLE PUBLIC.EXCHANGERATE ADD CONSTRAINT PUBLIC.FK5F01D9C3ADD4185D FOREIGN KEY(FROMCURRENCY_CODE) REFERENCES PUBLIC.CURRENCY(CODE) NOCHECK;              
ALTER TABLE PUBLIC.TEMPLATE ADD CONSTRAINT PUBLIC.FKB515309AD1CAEFC4 FOREIGN KEY(INACCOUNT_ID) REFERENCES PUBLIC.ACCOUNT(ID) NOCHECK;          
ALTER TABLE PUBLIC.PAYEE ADD CONSTRAINT PUBLIC.FK495432850B35BE7 FOREIGN KEY(TYPE_ID) REFERENCES PUBLIC.PAYEETYPE(ID) NOCHECK; 
ALTER TABLE PUBLIC.COUNTRY ADD CONSTRAINT PUBLIC.FK9C4FEF76F59EEBC7 FOREIGN KEY(CURRENCY_CODE) REFERENCES PUBLIC.CURRENCY(CODE) NOCHECK;       
ALTER TABLE PUBLIC.TRANSACTIONLINE ADD CONSTRAINT PUBLIC.FKFD70FD2D4A74FD5 FOREIGN KEY(EXCHANGERATE_ID) REFERENCES PUBLIC.EXCHANGERATE(ID) NOCHECK;            
ALTER TABLE PUBLIC.ACCOUNT ADD CONSTRAINT PUBLIC.FK1D0C220DD70044F4 FOREIGN KEY(OWNER_ID) REFERENCES PUBLIC.PAYEE(ID) NOCHECK; 
ALTER TABLE PUBLIC.EXPENSE ADD CONSTRAINT PUBLIC.FK152D603856F6923F FOREIGN KEY(PAYMENT_ID) REFERENCES PUBLIC.PAYMENT(ID) NOCHECK;             
