SET DB_CLOSE_DELAY -1;         
;              
CREATE USER IF NOT EXISTS SA SALT '0b8d4b64c8b9e4b0' HASH '3bea3af241002d850cbdffca96df7ead6ec944953171cc128f3039a28b179534' ADMIN;            
CREATE SEQUENCE PUBLIC.SYSTEM_SEQUENCE_B1A0FDF8_5C97_4D54_8203_700D31626D5A START WITH 60 BELONGS_TO_TABLE;    
CREATE SEQUENCE PUBLIC.SYSTEM_SEQUENCE_9D7C7A4A_637E_4250_B35E_047C379A3358 START WITH 64 BELONGS_TO_TABLE;    
CREATE SEQUENCE PUBLIC.SYSTEM_SEQUENCE_5D914FDE_8718_411A_8A06_EE4CBD6CD183 START WITH 34 BELONGS_TO_TABLE;    
CREATE SEQUENCE PUBLIC.SYSTEM_SEQUENCE_13560C0B_ED30_47E4_B62E_3ED1BA29E7B1 START WITH 24 BELONGS_TO_TABLE;    
CREATE SEQUENCE PUBLIC.SYSTEM_SEQUENCE_37D2D6C3_BC37_4AB4_BFDE_F701BAF39258 START WITH 1 BELONGS_TO_TABLE;     
CREATE SEQUENCE PUBLIC.SYSTEM_SEQUENCE_F631DBCF_F1FB_480F_9FC5_3C7669BE3E1C START WITH 1 BELONGS_TO_TABLE;     
CREATE SEQUENCE PUBLIC.SYSTEM_SEQUENCE_E401E588_DC32_4EE3_ADC9_D5007F0A8938 START WITH 58 BELONGS_TO_TABLE;    
CREATE SEQUENCE PUBLIC.SYSTEM_SEQUENCE_84E3E44A_5028_4830_ABB9_327AFA22E5FA START WITH 16 BELONGS_TO_TABLE;    
CREATE SEQUENCE PUBLIC.SYSTEM_SEQUENCE_0FDE0A0A_1629_424E_ABC1_1ED9E95872CD START WITH 30 BELONGS_TO_TABLE;    
CREATE SEQUENCE PUBLIC.SYSTEM_SEQUENCE_BDEEB95E_985B_4AC3_9968_D0AFB4EBD1D4 START WITH 1 BELONGS_TO_TABLE;     
CREATE SEQUENCE PUBLIC.SYSTEM_SEQUENCE_A28FA002_4795_4701_B6B2_4854E0C21480 START WITH 1 BELONGS_TO_TABLE;     
CREATE SEQUENCE PUBLIC.SYSTEM_SEQUENCE_4AC18B28_8A2E_4EE4_8138_31C647053E53 START WITH 1 BELONGS_TO_TABLE;     
CREATE SEQUENCE PUBLIC.SYSTEM_SEQUENCE_C923E33E_2FFB_49E3_8225_B09CB3F73143 START WITH 1 BELONGS_TO_TABLE;     
CREATE SEQUENCE PUBLIC.SYSTEM_SEQUENCE_48B82E0D_8D2E_4ACA_B980_B37DC442B6D7 START WITH 46 BELONGS_TO_TABLE;    
CREATE MEMORY TABLE PUBLIC.ACCOUNT(
    ID BIGINT DEFAULT (NEXT VALUE FOR PUBLIC.SYSTEM_SEQUENCE_E401E588_DC32_4EE3_ADC9_D5007F0A8938) NOT NULL NULL_TO_DEFAULT SEQUENCE PUBLIC.SYSTEM_SEQUENCE_E401E588_DC32_4EE3_ADC9_D5007F0A8938,
    CREATEDTS TIMESTAMP,
    MODIFIEDTS TIMESTAMP,
    UID VARCHAR(255) NOT NULL,
    VERSION BIGINT,
    NAME VARCHAR(255) NOT NULL,
    SELECTABLE BOOLEAN NOT NULL,
    DISPLAY VARCHAR(255),
    EXTERNALREFERENCE VARCHAR(255),
    FULLNAME VARCHAR(255),
    FULLNUMBER VARCHAR(255),
    NUMBER VARCHAR(255),
    TYPE VARCHAR(255) NOT NULL,
    CURRENCY_CODE VARCHAR(3),
    OWNER_ID BIGINT,
    PARENT_ID BIGINT
);         
ALTER TABLE PUBLIC.ACCOUNT ADD CONSTRAINT PUBLIC.CONSTRAINT_E PRIMARY KEY(ID); 
-- 6 +/- SELECT COUNT(*) FROM PUBLIC.ACCOUNT;  
INSERT INTO PUBLIC.ACCOUNT(ID, CREATEDTS, MODIFIEDTS, UID, VERSION, NAME, SELECTABLE, DISPLAY, EXTERNALREFERENCE, FULLNAME, FULLNUMBER, NUMBER, TYPE, CURRENCY_CODE, OWNER_ID, PARENT_ID) VALUES
(47, TIMESTAMP '2015-12-08 10:40:33.261', NULL, '37750130-3b08-4293-8547-80a88833c7a7', 48, 'Asset', TRUE, NULL, NULL, 'Asset', '1', '1', 'ASSET', 'CHF', NULL, NULL),
(49, TIMESTAMP '2015-12-08 10:40:33.261', NULL, 'd2063a9d-58ef-4053-bf6c-21a691d4eb18', 50, 'Cash', TRUE, NULL, NULL, 'Asset:Cash', '1:2', '2', 'ASSET', 'CHF', NULL, 47),
(51, TIMESTAMP '2015-12-08 10:40:33.261', NULL, '33a6a29e-a42b-4af3-83ae-063d93a57aac', 52, 'Expense', TRUE, NULL, NULL, 'Expense', '3', '3', 'EXPENSE', 'CHF', NULL, NULL),
(53, TIMESTAMP '2015-12-08 10:40:33.261', NULL, '9e3f2d8c-0c90-4ba4-8673-90b90e009358', 54, 'Food', TRUE, NULL, NULL, 'Expense:Food', '3:4', '4', 'EXPENSE', 'CHF', NULL, 51),
(55, TIMESTAMP '2015-12-08 10:40:33.261', NULL, '6834d333-582f-40b6-af5e-252862a7f532', 56, 'Car', TRUE, NULL, NULL, 'Expense:Car', '3:5', '5', 'EXPENSE', 'CHF', NULL, 51),
(57, TIMESTAMP '2015-12-08 10:40:33.261', NULL, '5ef0fde4-00f9-4aa2-ae51-b6621c249173', 58, 'Misc', TRUE, NULL, NULL, 'Expense:Misc', '3:6', '6', 'EXPENSE', 'CHF', NULL, 51);     
CREATE MEMORY TABLE PUBLIC.CITY(
    ID BIGINT DEFAULT (NEXT VALUE FOR PUBLIC.SYSTEM_SEQUENCE_84E3E44A_5028_4830_ABB9_327AFA22E5FA) NOT NULL NULL_TO_DEFAULT SEQUENCE PUBLIC.SYSTEM_SEQUENCE_84E3E44A_5028_4830_ABB9_327AFA22E5FA,
    CREATEDTS TIMESTAMP,
    MODIFIEDTS TIMESTAMP,
    UID VARCHAR(255) NOT NULL,
    VERSION BIGINT,
    DISPLAY VARCHAR(255),
    NAME VARCHAR(255) NOT NULL,
    ZIP VARCHAR(255),
    COUNTRY_CODE VARCHAR(2)
);        
ALTER TABLE PUBLIC.CITY ADD CONSTRAINT PUBLIC.CONSTRAINT_1 PRIMARY KEY(ID);    
-- 8 +/- SELECT COUNT(*) FROM PUBLIC.CITY;     
INSERT INTO PUBLIC.CITY(ID, CREATEDTS, MODIFIEDTS, UID, VERSION, DISPLAY, NAME, ZIP, COUNTRY_CODE) VALUES
(1, TIMESTAMP '2015-12-08 10:40:33.259', NULL, 'a1c3a484-2501-4cab-84a7-7b58fcde383e', 2, NULL, 'London', NULL, 'UK'),
(3, TIMESTAMP '2015-12-08 10:40:33.259', NULL, 'cd4ee706-f3d3-4828-a424-6be7e3c06ea8', 4, NULL, 'Paris', NULL, 'FR'),
(5, TIMESTAMP '2015-12-08 10:40:33.259', NULL, '13499fc4-81be-46dc-aef0-657571f3ddd0', 6, NULL, 'Nyon', '1260', 'CH'),
(7, TIMESTAMP '2015-12-08 10:40:33.259', NULL, 'b995cb67-9e75-4636-9c13-739461323f7f', 8, NULL, 'Gland', '1196', 'CH'),
(9, TIMESTAMP '2015-12-08 10:40:33.259', NULL, '54d68175-9c56-40ab-b782-e5379bebfa87', 10, NULL, 'Prangins', '1197', 'CH'),
(11, TIMESTAMP '2015-12-08 10:40:33.259', NULL, '4f26f138-5b48-49be-9579-af70975a8986', 12, NULL, 'Lausanne', '1001', 'CH'),
(13, TIMESTAMP '2015-12-08 10:40:33.259', NULL, 'df94f532-acc9-4037-8a7e-dec676cfe6db', 14, NULL, 'Zoug ', '6000', 'CH'),
(15, TIMESTAMP '2015-12-08 10:40:33.259', NULL, 'de438053-0976-4b45-b135-a3ef5d40cc8d', 16, NULL, 'Zurich', '8000', 'CH');            
CREATE MEMORY TABLE PUBLIC.CONSOLIDATION(
    ID BIGINT DEFAULT (NEXT VALUE FOR PUBLIC.SYSTEM_SEQUENCE_A28FA002_4795_4701_B6B2_4854E0C21480) NOT NULL NULL_TO_DEFAULT SEQUENCE PUBLIC.SYSTEM_SEQUENCE_A28FA002_4795_4701_B6B2_4854E0C21480,
    CREATEDTS TIMESTAMP,
    MODIFIEDTS TIMESTAMP,
    UID VARCHAR(255) NOT NULL,
    VERSION BIGINT,
    CLOSINGBALANCE DECIMAL(19, 2),
    DATE DATE NOT NULL,
    DELTABALANCE DECIMAL(19, 2),
    OPENINGBALANCE DECIMAL(19, 2),
    INSTITUTION_ID BIGINT NOT NULL
);         
ALTER TABLE PUBLIC.CONSOLIDATION ADD CONSTRAINT PUBLIC.CONSTRAINT_8 PRIMARY KEY(ID);           
-- 0 +/- SELECT COUNT(*) FROM PUBLIC.CONSOLIDATION;            
CREATE MEMORY TABLE PUBLIC.COUNTRY(
    CODE VARCHAR(2) NOT NULL,
    NAME VARCHAR(255) NOT NULL,
    CURRENCY_CODE VARCHAR(3) NOT NULL
);     
ALTER TABLE PUBLIC.COUNTRY ADD CONSTRAINT PUBLIC.CONSTRAINT_6 PRIMARY KEY(CODE);               
-- 6 +/- SELECT COUNT(*) FROM PUBLIC.COUNTRY;  
INSERT INTO PUBLIC.COUNTRY(CODE, NAME, CURRENCY_CODE) VALUES
('CH', 'Switzerland', 'CHF'),
('UK', 'United Kingdom', 'GBP'),
('FR', 'France', 'EUR'),
('IT', 'Italie', 'EUR'),
('DE', 'Germany', 'EUR'),
('US', 'United States of America', 'USD');             
CREATE MEMORY TABLE PUBLIC.CURRENCY(
    CODE VARCHAR(3) NOT NULL,
    NAME VARCHAR(255) NOT NULL,
    ROUNDINGFACTOR INTEGER,
    STRENGH INTEGER
);          
ALTER TABLE PUBLIC.CURRENCY ADD CONSTRAINT PUBLIC.CONSTRAINT_5 PRIMARY KEY(CODE);              
-- 4 +/- SELECT COUNT(*) FROM PUBLIC.CURRENCY; 
INSERT INTO PUBLIC.CURRENCY(CODE, NAME, ROUNDINGFACTOR, STRENGH) VALUES
('CHF', 'Swiss Francs', 20, NULL),
('EUR', 'Euro', 100, NULL),
('USD', 'US Dollar', 100, NULL),
('GBP', 'British Pounds', 100, NULL);  
CREATE MEMORY TABLE PUBLIC.DISCRIMINATOR(
    ID BIGINT DEFAULT (NEXT VALUE FOR PUBLIC.SYSTEM_SEQUENCE_C923E33E_2FFB_49E3_8225_B09CB3F73143) NOT NULL NULL_TO_DEFAULT SEQUENCE PUBLIC.SYSTEM_SEQUENCE_C923E33E_2FFB_49E3_8225_B09CB3F73143,
    CREATEDTS TIMESTAMP,
    MODIFIEDTS TIMESTAMP,
    UID VARCHAR(255) NOT NULL,
    VERSION BIGINT,
    NAME VARCHAR(255) NOT NULL,
    SELECTABLE BOOLEAN NOT NULL,
    PARENT_ID BIGINT
);     
ALTER TABLE PUBLIC.DISCRIMINATOR ADD CONSTRAINT PUBLIC.CONSTRAINT_4 PRIMARY KEY(ID);           
-- 0 +/- SELECT COUNT(*) FROM PUBLIC.DISCRIMINATOR;            
CREATE MEMORY TABLE PUBLIC.EXCHANGERATE(
    ID BIGINT DEFAULT (NEXT VALUE FOR PUBLIC.SYSTEM_SEQUENCE_0FDE0A0A_1629_424E_ABC1_1ED9E95872CD) NOT NULL NULL_TO_DEFAULT SEQUENCE PUBLIC.SYSTEM_SEQUENCE_0FDE0A0A_1629_424E_ABC1_1ED9E95872CD,
    CREATEDTS TIMESTAMP,
    MODIFIEDTS TIMESTAMP,
    UID VARCHAR(255) NOT NULL,
    VERSION BIGINT,
    DATE DATE,
    FEE DOUBLE,
    FIXFEE DOUBLE,
    RATE DOUBLE NOT NULL,
    FROMCURRENCY_CODE VARCHAR(3) NOT NULL,
    INSTITUTION_ID BIGINT,
    TOCURRENCY_CODE VARCHAR(3) NOT NULL
);  
ALTER TABLE PUBLIC.EXCHANGERATE ADD CONSTRAINT PUBLIC.CONSTRAINT_D PRIMARY KEY(ID);            
-- 3 +/- SELECT COUNT(*) FROM PUBLIC.EXCHANGERATE;             
INSERT INTO PUBLIC.EXCHANGERATE(ID, CREATEDTS, MODIFIEDTS, UID, VERSION, DATE, FEE, FIXFEE, RATE, FROMCURRENCY_CODE, INSTITUTION_ID, TOCURRENCY_CODE) VALUES
(25, TIMESTAMP '2015-12-08 10:40:33.26', NULL, '0da2af20-6323-4151-8dcf-ec42b83df948', 26, DATE '2000-01-01', NULL, NULL, 1.6, 'EUR', NULL, 'CHF'),
(27, TIMESTAMP '2015-12-08 10:40:33.26', NULL, '78b1e611-94e4-4cca-a2bd-fa0a0c933a90', 28, DATE '2015-01-01', NULL, NULL, 1.2, 'EUR', NULL, 'CHF'),
(29, TIMESTAMP '2015-12-08 10:40:33.26', NULL, '522f3eac-56ac-46df-9555-2022da50cfd2', 30, DATE '2015-01-01', NULL, NULL, 1.48315, 'GBP', NULL, 'CHF');   
CREATE MEMORY TABLE PUBLIC.EXPENSE(
    ID BIGINT DEFAULT (NEXT VALUE FOR PUBLIC.SYSTEM_SEQUENCE_B1A0FDF8_5C97_4D54_8203_700D31626D5A) NOT NULL NULL_TO_DEFAULT SEQUENCE PUBLIC.SYSTEM_SEQUENCE_B1A0FDF8_5C97_4D54_8203_700D31626D5A,
    CREATEDTS TIMESTAMP,
    MODIFIEDTS TIMESTAMP,
    UID VARCHAR(255) NOT NULL,
    VERSION BIGINT,
    AMOUNT DECIMAL(19, 2) NOT NULL,
    DATE TIMESTAMP NOT NULL,
    DESCRIPTION VARCHAR(255),
    EXTERNALREFERENCE VARCHAR(255),
    PAYED VARCHAR(255),
    CURRENCY_CODE VARCHAR(3) NOT NULL,
    PAYEE_ID BIGINT NOT NULL,
    PAYMENT_ID BIGINT,
    TYPE_ID BIGINT
);       
ALTER TABLE PUBLIC.EXPENSE ADD CONSTRAINT PUBLIC.CONSTRAINT_DC PRIMARY KEY(ID);
-- 1 +/- SELECT COUNT(*) FROM PUBLIC.EXPENSE;  
INSERT INTO PUBLIC.EXPENSE(ID, CREATEDTS, MODIFIEDTS, UID, VERSION, AMOUNT, DATE, DESCRIPTION, EXTERNALREFERENCE, PAYED, CURRENCY_CODE, PAYEE_ID, PAYMENT_ID, TYPE_ID) VALUES
(59, TIMESTAMP '2015-12-08 10:40:33.261', NULL, 'bf8e11b1-0a94-47a0-ae31-dc32dfde4729', 60, 100.00, TIMESTAMP '2015-02-01 00:00:00.0', NULL, NULL, 'Migros, 1260 Nyon (CH)', 'CHF', 45, NULL, 23);               
CREATE MEMORY TABLE PUBLIC.EXPENSETYPE(
    ID BIGINT DEFAULT (NEXT VALUE FOR PUBLIC.SYSTEM_SEQUENCE_13560C0B_ED30_47E4_B62E_3ED1BA29E7B1) NOT NULL NULL_TO_DEFAULT SEQUENCE PUBLIC.SYSTEM_SEQUENCE_13560C0B_ED30_47E4_B62E_3ED1BA29E7B1,
    CREATEDTS TIMESTAMP,
    MODIFIEDTS TIMESTAMP,
    UID VARCHAR(255) NOT NULL,
    VERSION BIGINT,
    NAME VARCHAR(255) NOT NULL,
    SELECTABLE BOOLEAN NOT NULL,
    PAYMENTGENERATORCLASSNAME VARCHAR(255)
); 
ALTER TABLE PUBLIC.EXPENSETYPE ADD CONSTRAINT PUBLIC.CONSTRAINT_1FB PRIMARY KEY(ID);           
-- 4 +/- SELECT COUNT(*) FROM PUBLIC.EXPENSETYPE;              
INSERT INTO PUBLIC.EXPENSETYPE(ID, CREATEDTS, MODIFIEDTS, UID, VERSION, NAME, SELECTABLE, PAYMENTGENERATORCLASSNAME) VALUES
(17, TIMESTAMP '2015-12-08 10:40:33.259', NULL, 'b7ae70e8-fd47-4b82-9897-8a588c23daee', 18, 'BVO', TRUE, 'w.wexpense.dta.BvoDtaFormater'),
(19, TIMESTAMP '2015-12-08 10:40:33.259', NULL, '80e30a1d-ed3e-46ff-ab99-0037bfa63034', 20, 'BVR', TRUE, 'w.wexpense.dta.BvrDtaFormater'),
(21, TIMESTAMP '2015-12-08 10:40:33.259', NULL, '864751aa-4904-4a96-a71d-5798784d3b00', 22, 'iban', TRUE, 'w.wexpense.dta.IbanDtaFormater'),
(23, TIMESTAMP '2015-12-08 10:40:33.26', NULL, 'a794359e-5534-4f6b-b14f-3812a65fef67', 24, 'recu', TRUE, NULL); 
CREATE MEMORY TABLE PUBLIC.PAYEE(
    ID BIGINT DEFAULT (NEXT VALUE FOR PUBLIC.SYSTEM_SEQUENCE_48B82E0D_8D2E_4ACA_B980_B37DC442B6D7) NOT NULL NULL_TO_DEFAULT SEQUENCE PUBLIC.SYSTEM_SEQUENCE_48B82E0D_8D2E_4ACA_B980_B37DC442B6D7,
    CREATEDTS TIMESTAMP,
    MODIFIEDTS TIMESTAMP,
    UID VARCHAR(255) NOT NULL,
    VERSION BIGINT,
    ADDRESS1 VARCHAR(255),
    ADDRESS2 VARCHAR(255),
    DISPLAY VARCHAR(255),
    IBAN VARCHAR(255),
    NAME VARCHAR(255) NOT NULL,
    POSTALACCOUNT VARCHAR(255),
    PREFIX VARCHAR(255),
    BANKDETAILS_ID BIGINT,
    CITY_ID BIGINT,
    TYPE_ID BIGINT
); 
ALTER TABLE PUBLIC.PAYEE ADD CONSTRAINT PUBLIC.CONSTRAINT_48 PRIMARY KEY(ID);  
-- 6 +/- SELECT COUNT(*) FROM PUBLIC.PAYEE;    
INSERT INTO PUBLIC.PAYEE(ID, CREATEDTS, MODIFIEDTS, UID, VERSION, ADDRESS1, ADDRESS2, DISPLAY, IBAN, NAME, POSTALACCOUNT, PREFIX, BANKDETAILS_ID, CITY_ID, TYPE_ID) VALUES
(35, TIMESTAMP '2015-12-08 10:40:33.26', NULL, 'e9632887-fac4-4e71-8e76-5325c70f20d3', 36, '11 ch. du Grand Noyer', NULL, NULL, 'CH650022822851333340B', 'William Keyser', NULL, NULL, NULL, 9, NULL),
(37, TIMESTAMP '2015-12-08 10:40:33.26', NULL, '34825a35-3919-44ef-8ac0-f8e1196d21fd', 38, NULL, NULL, NULL, NULL, 'Banque Cantonale Vaudoise', NULL, NULL, NULL, 11, NULL),
(39, TIMESTAMP '2015-12-08 10:40:33.26', NULL, 'a3127a78-bf69-4935-bf4e-cc8264fc2b7e', 40, 'Rue du mont-le-grand 32', NULL, NULL, 'CH8400767000T09306497', 'Blondel Yves', NULL, NULL, 37, 7, 33),
(41, TIMESTAMP '2015-12-08 10:40:33.26', NULL, 'b136e887-78ce-4345-b0d2-f8205bf168b4', 42, 'Case Postal 1359', NULL, NULL, NULL, 'Talk Talk AG', '01-2546-3', NULL, NULL, 13, 31),
(43, TIMESTAMP '2015-12-08 10:40:33.26', NULL, '9f2e3055-e15f-4040-b38d-685a9a545056', 44, 'Binzmuhlestrasse 130', NULL, NULL, NULL, 'Sunrise', '01-053099-3', NULL, NULL, 15, 31),
(45, TIMESTAMP '2015-12-08 10:40:33.261', NULL, '245fbff4-ee82-41e9-97d8-3bb46f424944', 46, NULL, NULL, NULL, NULL, 'Migros', NULL, NULL, NULL, 5, NULL);             
CREATE MEMORY TABLE PUBLIC.PAYEETYPE(
    ID BIGINT DEFAULT (NEXT VALUE FOR PUBLIC.SYSTEM_SEQUENCE_5D914FDE_8718_411A_8A06_EE4CBD6CD183) NOT NULL NULL_TO_DEFAULT SEQUENCE PUBLIC.SYSTEM_SEQUENCE_5D914FDE_8718_411A_8A06_EE4CBD6CD183,
    CREATEDTS TIMESTAMP,
    MODIFIEDTS TIMESTAMP,
    UID VARCHAR(255) NOT NULL,
    VERSION BIGINT,
    NAME VARCHAR(255) NOT NULL,
    SELECTABLE BOOLEAN NOT NULL
);               
ALTER TABLE PUBLIC.PAYEETYPE ADD CONSTRAINT PUBLIC.CONSTRAINT_9 PRIMARY KEY(ID);               
-- 2 +/- SELECT COUNT(*) FROM PUBLIC.PAYEETYPE;
INSERT INTO PUBLIC.PAYEETYPE(ID, CREATEDTS, MODIFIEDTS, UID, VERSION, NAME, SELECTABLE) VALUES
(31, TIMESTAMP '2015-12-08 10:40:33.26', NULL, '94f05578-288e-4679-afed-1c04af9df0e1', 32, 'Phone', TRUE),
(33, TIMESTAMP '2015-12-08 10:40:33.26', NULL, '18408bfb-1c67-41f3-9766-3d15cb189835', 34, 'Wine', TRUE);            
CREATE MEMORY TABLE PUBLIC.PAYMENT(
    ID BIGINT DEFAULT (NEXT VALUE FOR PUBLIC.SYSTEM_SEQUENCE_F631DBCF_F1FB_480F_9FC5_3C7669BE3E1C) NOT NULL NULL_TO_DEFAULT SEQUENCE PUBLIC.SYSTEM_SEQUENCE_F631DBCF_F1FB_480F_9FC5_3C7669BE3E1C,
    CREATEDTS TIMESTAMP,
    MODIFIEDTS TIMESTAMP,
    UID VARCHAR(255) NOT NULL,
    VERSION BIGINT,
    DATE DATE,
    FILENAME VARCHAR(255) NOT NULL,
    SELECTABLE BOOLEAN NOT NULL
);              
ALTER TABLE PUBLIC.PAYMENT ADD CONSTRAINT PUBLIC.CONSTRAINT_F PRIMARY KEY(ID); 
-- 0 +/- SELECT COUNT(*) FROM PUBLIC.PAYMENT;  
CREATE MEMORY TABLE PUBLIC.PAYMENTDTA(
    ID BIGINT DEFAULT (NEXT VALUE FOR PUBLIC.SYSTEM_SEQUENCE_37D2D6C3_BC37_4AB4_BFDE_F701BAF39258) NOT NULL NULL_TO_DEFAULT SEQUENCE PUBLIC.SYSTEM_SEQUENCE_37D2D6C3_BC37_4AB4_BFDE_F701BAF39258,
    CREATEDTS TIMESTAMP,
    MODIFIEDTS TIMESTAMP,
    UID VARCHAR(255) NOT NULL,
    VERSION BIGINT,
    DATA VARCHAR(128) NOT NULL,
    ORDERBY INTEGER NOT NULL,
    EXPENSE_ID BIGINT,
    PAYMENT_ID BIGINT NOT NULL
);          
ALTER TABLE PUBLIC.PAYMENTDTA ADD CONSTRAINT PUBLIC.CONSTRAINT_7 PRIMARY KEY(ID);              
-- 0 +/- SELECT COUNT(*) FROM PUBLIC.PAYMENTDTA;               
CREATE MEMORY TABLE PUBLIC.REPEATER(
    ID BIGINT DEFAULT (NEXT VALUE FOR PUBLIC.SYSTEM_SEQUENCE_BDEEB95E_985B_4AC3_9968_D0AFB4EBD1D4) NOT NULL NULL_TO_DEFAULT SEQUENCE PUBLIC.SYSTEM_SEQUENCE_BDEEB95E_985B_4AC3_9968_D0AFB4EBD1D4,
    CREATEDTS TIMESTAMP,
    MODIFIEDTS TIMESTAMP,
    UID VARCHAR(255) NOT NULL,
    VERSION BIGINT,
    CRON VARCHAR(255) NOT NULL,
    NAME VARCHAR(255) NOT NULL,
    TIMES INTEGER
);              
ALTER TABLE PUBLIC.REPEATER ADD CONSTRAINT PUBLIC.CONSTRAINT_14 PRIMARY KEY(ID);               
-- 0 +/- SELECT COUNT(*) FROM PUBLIC.REPEATER; 
CREATE MEMORY TABLE PUBLIC.TEMPLATE(
    ID BIGINT DEFAULT (NEXT VALUE FOR PUBLIC.SYSTEM_SEQUENCE_4AC18B28_8A2E_4EE4_8138_31C647053E53) NOT NULL NULL_TO_DEFAULT SEQUENCE PUBLIC.SYSTEM_SEQUENCE_4AC18B28_8A2E_4EE4_8138_31C647053E53,
    CREATEDTS TIMESTAMP,
    MODIFIEDTS TIMESTAMP,
    UID VARCHAR(255) NOT NULL,
    VERSION BIGINT,
    AMOUNT DECIMAL(19, 2),
    DESCRIPTION VARCHAR(255),
    EXTERNALREFERENCE VARCHAR(255),
    INFACTOR INTEGER,
    OUTFACTOR INTEGER,
    TEMPLATEDESCRIPTION VARCHAR(255),
    TEMPLATEMENU VARCHAR(255),
    TEMPLATENAME VARCHAR(255) NOT NULL,
    TEMPLATEORDER INTEGER,
    CURRENCY_CODE VARCHAR(3),
    INACCOUNT_ID BIGINT,
    INDISCRIMINATOR_ID BIGINT,
    OUTACCOUNT_ID BIGINT,
    OUTDISCRIMINATOR_ID BIGINT,
    PAYEE_ID BIGINT,
    TYPE_ID BIGINT
);      
ALTER TABLE PUBLIC.TEMPLATE ADD CONSTRAINT PUBLIC.CONSTRAINT_DFE PRIMARY KEY(ID);              
-- 0 +/- SELECT COUNT(*) FROM PUBLIC.TEMPLATE; 
CREATE MEMORY TABLE PUBLIC.TRANSACTIONLINE(
    ID BIGINT DEFAULT (NEXT VALUE FOR PUBLIC.SYSTEM_SEQUENCE_9D7C7A4A_637E_4250_B35E_047C379A3358) NOT NULL NULL_TO_DEFAULT SEQUENCE PUBLIC.SYSTEM_SEQUENCE_9D7C7A4A_637E_4250_B35E_047C379A3358,
    CREATEDTS TIMESTAMP,
    MODIFIEDTS TIMESTAMP,
    UID VARCHAR(255) NOT NULL,
    VERSION BIGINT,
    AMOUNT DECIMAL(19, 2) NOT NULL,
    BALANCE DECIMAL(19, 2),
    DATE TIMESTAMP,
    DESCRIPTION VARCHAR(255),
    FACTOR INTEGER NOT NULL,
    PERIOD INTEGER,
    VALUE DECIMAL(19, 2) NOT NULL,
    ACCOUNT_ID BIGINT NOT NULL,
    CONSOLIDATION_ID BIGINT,
    DISCRIMINATOR_ID BIGINT,
    EXCHANGERATE_ID BIGINT,
    EXPENSE_ID BIGINT
);       
ALTER TABLE PUBLIC.TRANSACTIONLINE ADD CONSTRAINT PUBLIC.CONSTRAINT_8D PRIMARY KEY(ID);        
-- 2 +/- SELECT COUNT(*) FROM PUBLIC.TRANSACTIONLINE;          
INSERT INTO PUBLIC.TRANSACTIONLINE(ID, CREATEDTS, MODIFIEDTS, UID, VERSION, AMOUNT, BALANCE, DATE, DESCRIPTION, FACTOR, PERIOD, VALUE, ACCOUNT_ID, CONSOLIDATION_ID, DISCRIMINATOR_ID, EXCHANGERATE_ID, EXPENSE_ID) VALUES
(61, TIMESTAMP '2015-12-08 10:40:33.261', NULL, '5e0e5eb6-10e9-47bc-be54-8ae04d6081f0', 62, 100.00, NULL, TIMESTAMP '2015-02-01 00:00:00.0', NULL, -1, NULL, 100.00, 49, NULL, NULL, NULL, 59),
(63, TIMESTAMP '2015-12-08 10:40:33.262', NULL, '1c1c990a-59c3-4fe7-819c-c20914fa6f45', 64, 100.00, NULL, TIMESTAMP '2015-02-01 00:00:00.0', NULL, 1, NULL, 100.00, 55, NULL, NULL, NULL, 59);      
ALTER TABLE PUBLIC.EXCHANGERATE ADD CONSTRAINT PUBLIC.CONSTRAINT_DF UNIQUE(UID);               
ALTER TABLE PUBLIC.DISCRIMINATOR ADD CONSTRAINT PUBLIC.CONSTRAINT_49 UNIQUE(UID);              
ALTER TABLE PUBLIC.PAYEETYPE ADD CONSTRAINT PUBLIC.CONSTRAINT_93 UNIQUE(UID);  
ALTER TABLE PUBLIC.ACCOUNT ADD CONSTRAINT PUBLIC.CONSTRAINT_E4 UNIQUE(UID);    
ALTER TABLE PUBLIC.EXPENSETYPE ADD CONSTRAINT PUBLIC.CONSTRAINT_1FB2 UNIQUE(UID);              
ALTER TABLE PUBLIC.PAYMENTDTA ADD CONSTRAINT PUBLIC.CONSTRAINT_7D UNIQUE(UID); 
ALTER TABLE PUBLIC.TRANSACTIONLINE ADD CONSTRAINT PUBLIC.CONSTRAINT_8DE UNIQUE(UID);           
ALTER TABLE PUBLIC.PAYEE ADD CONSTRAINT PUBLIC.CONSTRAINT_486 UNIQUE(UID);     
ALTER TABLE PUBLIC.CONSOLIDATION ADD CONSTRAINT PUBLIC.CONSTRAINT_82 UNIQUE(UID);              
ALTER TABLE PUBLIC.EXPENSE ADD CONSTRAINT PUBLIC.CONSTRAINT_DCC UNIQUE(UID);   
ALTER TABLE PUBLIC.TEMPLATE ADD CONSTRAINT PUBLIC.CONSTRAINT_DFE0 UNIQUE(UID); 
ALTER TABLE PUBLIC.REPEATER ADD CONSTRAINT PUBLIC.CONSTRAINT_149 UNIQUE(UID);  
ALTER TABLE PUBLIC.PAYMENT ADD CONSTRAINT PUBLIC.CONSTRAINT_FB UNIQUE(UID);    
ALTER TABLE PUBLIC.CITY ADD CONSTRAINT PUBLIC.CONSTRAINT_1F UNIQUE(UID);       
ALTER TABLE PUBLIC.PAYEE ADD CONSTRAINT PUBLIC.FK49543283AC9FDB5 FOREIGN KEY(CITY_ID) REFERENCES PUBLIC.CITY(ID) NOCHECK;      
ALTER TABLE PUBLIC.DISCRIMINATOR ADD CONSTRAINT PUBLIC.FKBF12767C57CB15F1 FOREIGN KEY(PARENT_ID) REFERENCES PUBLIC.DISCRIMINATOR(ID) NOCHECK;  
ALTER TABLE PUBLIC.CITY ADD CONSTRAINT PUBLIC.FK200D8BB7165AD1 FOREIGN KEY(COUNTRY_CODE) REFERENCES PUBLIC.COUNTRY(CODE) NOCHECK;              
ALTER TABLE PUBLIC.ACCOUNT ADD CONSTRAINT PUBLIC.FK1D0C220DF59EEBC7 FOREIGN KEY(CURRENCY_CODE) REFERENCES PUBLIC.CURRENCY(CODE) NOCHECK;       
ALTER TABLE PUBLIC.TRANSACTIONLINE ADD CONSTRAINT PUBLIC.FKFD70FD2AFA94CDF FOREIGN KEY(ACCOUNT_ID) REFERENCES PUBLIC.ACCOUNT(ID) NOCHECK;      
ALTER TABLE PUBLIC.TEMPLATE ADD CONSTRAINT PUBLIC.FKB515309A5B8BBB7 FOREIGN KEY(TYPE_ID) REFERENCES PUBLIC.EXPENSETYPE(ID) NOCHECK;            
ALTER TABLE PUBLIC.TEMPLATE ADD CONSTRAINT PUBLIC.FKB515309A9CFEDDE4 FOREIGN KEY(INDISCRIMINATOR_ID) REFERENCES PUBLIC.DISCRIMINATOR(ID) NOCHECK;              
ALTER TABLE PUBLIC.TRANSACTIONLINE ADD CONSTRAINT PUBLIC.FKFD70FD2542BBABF FOREIGN KEY(DISCRIMINATOR_ID) REFERENCES PUBLIC.DISCRIMINATOR(ID) NOCHECK;          
ALTER TABLE PUBLIC.PAYEE ADD CONSTRAINT PUBLIC.FK495432896A05241 FOREIGN KEY(BANKDETAILS_ID) REFERENCES PUBLIC.PAYEE(ID) NOCHECK;              
ALTER TABLE PUBLIC.EXPENSE ADD CONSTRAINT PUBLIC.FK152D6038F59EEBC7 FOREIGN KEY(CURRENCY_CODE) REFERENCES PUBLIC.CURRENCY(CODE) NOCHECK;       
ALTER TABLE PUBLIC.TEMPLATE ADD CONSTRAINT PUBLIC.FKB515309AE4B10E0D FOREIGN KEY(OUTDISCRIMINATOR_ID) REFERENCES PUBLIC.DISCRIMINATOR(ID) NOCHECK;             
ALTER TABLE PUBLIC.EXCHANGERATE ADD CONSTRAINT PUBLIC.FK5F01D9C39C357D2C FOREIGN KEY(TOCURRENCY_CODE) REFERENCES PUBLIC.CURRENCY(CODE) NOCHECK;
ALTER TABLE PUBLIC.PAYMENTDTA ADD CONSTRAINT PUBLIC.FKD6F4320BCC4C18FF FOREIGN KEY(EXPENSE_ID) REFERENCES PUBLIC.EXPENSE(ID) NOCHECK;          
ALTER TABLE PUBLIC.TRANSACTIONLINE ADD CONSTRAINT PUBLIC.FKFD70FD2CB63D0BF FOREIGN KEY(CONSOLIDATION_ID) REFERENCES PUBLIC.CONSOLIDATION(ID) NOCHECK;          
ALTER TABLE PUBLIC.TEMPLATE ADD CONSTRAINT PUBLIC.FKB515309A164AB2AD FOREIGN KEY(OUTACCOUNT_ID) REFERENCES PUBLIC.ACCOUNT(ID) NOCHECK;         
ALTER TABLE PUBLIC.EXPENSE ADD CONSTRAINT PUBLIC.FK152D60385B8BBB7 FOREIGN KEY(TYPE_ID) REFERENCES PUBLIC.EXPENSETYPE(ID) NOCHECK;             
ALTER TABLE PUBLIC.EXPENSE ADD CONSTRAINT PUBLIC.FK152D6038C5D7C03F FOREIGN KEY(PAYEE_ID) REFERENCES PUBLIC.PAYEE(ID) NOCHECK; 
ALTER TABLE PUBLIC.TRANSACTIONLINE ADD CONSTRAINT PUBLIC.FKFD70FD2CC4C18FF FOREIGN KEY(EXPENSE_ID) REFERENCES PUBLIC.EXPENSE(ID) ON DELETE CASCADE NOCHECK;    
ALTER TABLE PUBLIC.PAYMENTDTA ADD CONSTRAINT PUBLIC.FKD6F4320B56F6923F FOREIGN KEY(PAYMENT_ID) REFERENCES PUBLIC.PAYMENT(ID) NOCHECK;          
ALTER TABLE PUBLIC.TEMPLATE ADD CONSTRAINT PUBLIC.FKB515309AF59EEBC7 FOREIGN KEY(CURRENCY_CODE) REFERENCES PUBLIC.CURRENCY(CODE) NOCHECK;      
ALTER TABLE PUBLIC.ACCOUNT ADD CONSTRAINT PUBLIC.FK1D0C220D5AF1E142 FOREIGN KEY(PARENT_ID) REFERENCES PUBLIC.ACCOUNT(ID) NOCHECK;              
ALTER TABLE PUBLIC.CONSOLIDATION ADD CONSTRAINT PUBLIC.FKF8DF3E0CD6BF7CF FOREIGN KEY(INSTITUTION_ID) REFERENCES PUBLIC.PAYEE(ID) NOCHECK;      
ALTER TABLE PUBLIC.EXCHANGERATE ADD CONSTRAINT PUBLIC.FK5F01D9C3D6BF7CF FOREIGN KEY(INSTITUTION_ID) REFERENCES PUBLIC.PAYEE(ID) NOCHECK;       
ALTER TABLE PUBLIC.TEMPLATE ADD CONSTRAINT PUBLIC.FKB515309AC5D7C03F FOREIGN KEY(PAYEE_ID) REFERENCES PUBLIC.PAYEE(ID) NOCHECK;
ALTER TABLE PUBLIC.EXCHANGERATE ADD CONSTRAINT PUBLIC.FK5F01D9C3ADD4185D FOREIGN KEY(FROMCURRENCY_CODE) REFERENCES PUBLIC.CURRENCY(CODE) NOCHECK;              
ALTER TABLE PUBLIC.TEMPLATE ADD CONSTRAINT PUBLIC.FKB515309AD1CAEFC4 FOREIGN KEY(INACCOUNT_ID) REFERENCES PUBLIC.ACCOUNT(ID) NOCHECK;          
ALTER TABLE PUBLIC.PAYEE ADD CONSTRAINT PUBLIC.FK495432850B35BE7 FOREIGN KEY(TYPE_ID) REFERENCES PUBLIC.PAYEETYPE(ID) NOCHECK; 
ALTER TABLE PUBLIC.COUNTRY ADD CONSTRAINT PUBLIC.FK9C4FEF76F59EEBC7 FOREIGN KEY(CURRENCY_CODE) REFERENCES PUBLIC.CURRENCY(CODE) NOCHECK;       
ALTER TABLE PUBLIC.TRANSACTIONLINE ADD CONSTRAINT PUBLIC.FKFD70FD2D4A74FD5 FOREIGN KEY(EXCHANGERATE_ID) REFERENCES PUBLIC.EXCHANGERATE(ID) NOCHECK;            
ALTER TABLE PUBLIC.ACCOUNT ADD CONSTRAINT PUBLIC.FK1D0C220DD70044F4 FOREIGN KEY(OWNER_ID) REFERENCES PUBLIC.PAYEE(ID) NOCHECK; 
ALTER TABLE PUBLIC.EXPENSE ADD CONSTRAINT PUBLIC.FK152D603856F6923F FOREIGN KEY(PAYMENT_ID) REFERENCES PUBLIC.PAYMENT(ID) NOCHECK;             
