SET DB_CLOSE_DELAY -1;         
;              
CREATE USER IF NOT EXISTS SA SALT '834989511186be3e' HASH 'c6ea3ba97980c87a745937070a7cb4d73b00357895c01c6f4694ec827aa208f4' ADMIN;            
CREATE SEQUENCE PUBLIC.SYSTEM_SEQUENCE_3701709B_B7DB_496A_BB27_A0CD3CEED7F0 START WITH 30 BELONGS_TO_TABLE;    
CREATE SEQUENCE PUBLIC.SYSTEM_SEQUENCE_F63625BA_B94D_4B48_95AA_BBA4DE113FCA START WITH 24 BELONGS_TO_TABLE;    
CREATE SEQUENCE PUBLIC.SYSTEM_SEQUENCE_5344A524_D27A_435D_9C8C_6250D6388658 START WITH 58 BELONGS_TO_TABLE;    
CREATE SEQUENCE PUBLIC.SYSTEM_SEQUENCE_91BA1468_9B47_4AFF_94D7_3D6C21B711CB START WITH 1 BELONGS_TO_TABLE;     
CREATE SEQUENCE PUBLIC.SYSTEM_SEQUENCE_80DB64FB_651D_45AC_8E74_BB56171D6BD6 START WITH 1 BELONGS_TO_TABLE;     
CREATE SEQUENCE PUBLIC.SYSTEM_SEQUENCE_AD6AAC81_3E98_4498_9349_A20C7E3AE948 START WITH 60 BELONGS_TO_TABLE;    
CREATE SEQUENCE PUBLIC.SYSTEM_SEQUENCE_20EA3E6D_CC12_4D5C_8A31_71FE90002D76 START WITH 64 BELONGS_TO_TABLE;    
CREATE SEQUENCE PUBLIC.SYSTEM_SEQUENCE_688BA650_37D9_4BD0_8CBB_08AEFF4E2B5D START WITH 16 BELONGS_TO_TABLE;    
CREATE SEQUENCE PUBLIC.SYSTEM_SEQUENCE_1966920D_4F9A_416F_BD21_20F355B4BB03 START WITH 34 BELONGS_TO_TABLE;    
CREATE SEQUENCE PUBLIC.SYSTEM_SEQUENCE_64AEA5D7_C8D5_4CBA_9603_6910CE4844C1 START WITH 1 BELONGS_TO_TABLE;     
CREATE SEQUENCE PUBLIC.SYSTEM_SEQUENCE_F800E5D8_7077_426B_AD28_4A81E38F9888 START WITH 46 BELONGS_TO_TABLE;    
CREATE SEQUENCE PUBLIC.SYSTEM_SEQUENCE_EC25D1E9_CDE3_4610_B456_E6E940D66A83 START WITH 1 BELONGS_TO_TABLE;     
CREATE SEQUENCE PUBLIC.SYSTEM_SEQUENCE_579ECCB2_06BA_4E6C_B972_2AA94505969F START WITH 1 BELONGS_TO_TABLE;     
CREATE SEQUENCE PUBLIC.SYSTEM_SEQUENCE_D5481D10_647F_4909_8C5E_B1F4ECF68626 START WITH 1 BELONGS_TO_TABLE;     
CREATE MEMORY TABLE PUBLIC.ACCOUNT(
    ID BIGINT DEFAULT (NEXT VALUE FOR PUBLIC.SYSTEM_SEQUENCE_5344A524_D27A_435D_9C8C_6250D6388658) NOT NULL NULL_TO_DEFAULT SEQUENCE PUBLIC.SYSTEM_SEQUENCE_5344A524_D27A_435D_9C8C_6250D6388658,
    CREATEDTS TIMESTAMP,
    MODIFIEDTS TIMESTAMP,
    UID VARCHAR(255) NOT NULL,
    VERSION BIGINT,
    NAME VARCHAR(255) NOT NULL,
    SELECTABLE BOOLEAN NOT NULL,
    DISPLAY VARCHAR(255),
    EXTERNALREFERENCE VARCHAR(255),
    FULLNAME VARCHAR(255),
    FULLNUMBER VARCHAR(255),
    NUMBER VARCHAR(255),
    TYPE VARCHAR(255) NOT NULL,
    CURRENCY_CODE VARCHAR(3),
    OWNER_ID BIGINT,
    PARENT_ID BIGINT
);         
ALTER TABLE PUBLIC.ACCOUNT ADD CONSTRAINT PUBLIC.CONSTRAINT_E PRIMARY KEY(ID); 
-- 6 +/- SELECT COUNT(*) FROM PUBLIC.ACCOUNT;  
INSERT INTO PUBLIC.ACCOUNT(ID, CREATEDTS, MODIFIEDTS, UID, VERSION, NAME, SELECTABLE, DISPLAY, EXTERNALREFERENCE, FULLNAME, FULLNUMBER, NUMBER, TYPE, CURRENCY_CODE, OWNER_ID, PARENT_ID) VALUES
(47, TIMESTAMP '2015-12-09 11:51:43.512', NULL, '6777e801-7bfe-4be9-8594-1c7ca7b22aac', 48, 'Asset', TRUE, NULL, NULL, 'Asset', '1', '1', 'ASSET', 'CHF', NULL, NULL),
(49, TIMESTAMP '2015-12-09 11:51:43.512', NULL, '131991b6-26f0-4641-a7f7-1afd8e47e85c', 50, 'Cash', TRUE, NULL, NULL, 'Asset:Cash', '1:2', '2', 'ASSET', 'CHF', NULL, 47),
(51, TIMESTAMP '2015-12-09 11:51:43.512', NULL, '7546d85f-55d3-4330-bb8a-f5ea8efbfac2', 52, 'Expense', TRUE, NULL, NULL, 'Expense', '3', '3', 'EXPENSE', 'CHF', NULL, NULL),
(53, TIMESTAMP '2015-12-09 11:51:43.512', NULL, '4e5cf90b-57a4-4648-8b79-fe5baf077fbd', 54, 'Food', TRUE, NULL, NULL, 'Expense:Food', '3:4', '4', 'EXPENSE', 'CHF', NULL, 51),
(55, TIMESTAMP '2015-12-09 11:51:43.512', NULL, 'e1fd9ce4-5d32-4da7-b090-68d4a86d89a2', 56, 'Car', TRUE, NULL, NULL, 'Expense:Car', '3:5', '5', 'EXPENSE', 'CHF', NULL, 51),
(57, TIMESTAMP '2015-12-09 11:51:43.512', NULL, '15722146-0bd1-4cee-843a-703a2439ab54', 58, 'Misc', TRUE, NULL, NULL, 'Expense:Misc', '3:6', '6', 'EXPENSE', 'CHF', NULL, 51);     
CREATE MEMORY TABLE PUBLIC.CITY(
    ID BIGINT DEFAULT (NEXT VALUE FOR PUBLIC.SYSTEM_SEQUENCE_688BA650_37D9_4BD0_8CBB_08AEFF4E2B5D) NOT NULL NULL_TO_DEFAULT SEQUENCE PUBLIC.SYSTEM_SEQUENCE_688BA650_37D9_4BD0_8CBB_08AEFF4E2B5D,
    CREATEDTS TIMESTAMP,
    MODIFIEDTS TIMESTAMP,
    UID VARCHAR(255) NOT NULL,
    VERSION BIGINT,
    DISPLAY VARCHAR(255),
    NAME VARCHAR(255) NOT NULL,
    ZIP VARCHAR(255),
    COUNTRY_CODE VARCHAR(2)
);        
ALTER TABLE PUBLIC.CITY ADD CONSTRAINT PUBLIC.CONSTRAINT_1 PRIMARY KEY(ID);    
-- 8 +/- SELECT COUNT(*) FROM PUBLIC.CITY;     
INSERT INTO PUBLIC.CITY(ID, CREATEDTS, MODIFIEDTS, UID, VERSION, DISPLAY, NAME, ZIP, COUNTRY_CODE) VALUES
(1, TIMESTAMP '2015-12-09 11:51:43.509', NULL, '46321a8c-fe37-4d27-a865-d3a0c2b6eba8', 2, NULL, 'London', NULL, 'UK'),
(3, TIMESTAMP '2015-12-09 11:51:43.509', NULL, '10bb73c2-d7a3-427c-a960-89136f2d90e8', 4, NULL, 'Paris', NULL, 'FR'),
(5, TIMESTAMP '2015-12-09 11:51:43.509', NULL, '4dc7c60c-e91f-4130-8acd-58af113cfb85', 6, NULL, 'Nyon', '1260', 'CH'),
(7, TIMESTAMP '2015-12-09 11:51:43.509', NULL, 'e81803f3-37b6-4e4d-99be-49b20a28bb92', 8, NULL, 'Gland', '1196', 'CH'),
(9, TIMESTAMP '2015-12-09 11:51:43.509', NULL, '9de4d94c-5381-4306-a031-9099da4b39b1', 10, NULL, 'Prangins', '1197', 'CH'),
(11, TIMESTAMP '2015-12-09 11:51:43.509', NULL, '509a8de6-03dc-414c-a87d-b3d0f653a06a', 12, NULL, 'Lausanne', '1001', 'CH'),
(13, TIMESTAMP '2015-12-09 11:51:43.509', NULL, 'a1b93ee6-9765-4833-88f7-d00f67a67177', 14, NULL, 'Zoug ', '6000', 'CH'),
(15, TIMESTAMP '2015-12-09 11:51:43.509', NULL, '7285b167-95ff-4a96-9bbc-38e1dfd6f5e9', 16, NULL, 'Zurich', '8000', 'CH');            
CREATE MEMORY TABLE PUBLIC.CONSOLIDATION(
    ID BIGINT DEFAULT (NEXT VALUE FOR PUBLIC.SYSTEM_SEQUENCE_EC25D1E9_CDE3_4610_B456_E6E940D66A83) NOT NULL NULL_TO_DEFAULT SEQUENCE PUBLIC.SYSTEM_SEQUENCE_EC25D1E9_CDE3_4610_B456_E6E940D66A83,
    CREATEDTS TIMESTAMP,
    MODIFIEDTS TIMESTAMP,
    UID VARCHAR(255) NOT NULL,
    VERSION BIGINT,
    CLOSINGBALANCE DECIMAL(19, 2),
    DATE DATE NOT NULL,
    DELTABALANCE DECIMAL(19, 2),
    OPENINGBALANCE DECIMAL(19, 2),
    INSTITUTION_ID BIGINT NOT NULL
);         
ALTER TABLE PUBLIC.CONSOLIDATION ADD CONSTRAINT PUBLIC.CONSTRAINT_8 PRIMARY KEY(ID);           
-- 0 +/- SELECT COUNT(*) FROM PUBLIC.CONSOLIDATION;            
CREATE MEMORY TABLE PUBLIC.COUNTRY(
    CODE VARCHAR(2) NOT NULL,
    NAME VARCHAR(255) NOT NULL,
    CURRENCY_CODE VARCHAR(3) NOT NULL
);     
ALTER TABLE PUBLIC.COUNTRY ADD CONSTRAINT PUBLIC.CONSTRAINT_6 PRIMARY KEY(CODE);               
-- 6 +/- SELECT COUNT(*) FROM PUBLIC.COUNTRY;  
INSERT INTO PUBLIC.COUNTRY(CODE, NAME, CURRENCY_CODE) VALUES
('CH', 'Switzerland', 'CHF'),
('UK', 'United Kingdom', 'GBP'),
('FR', 'France', 'EUR'),
('IT', 'Italie', 'EUR'),
('DE', 'Germany', 'EUR'),
('US', 'United States of America', 'USD');             
CREATE MEMORY TABLE PUBLIC.CURRENCY(
    CODE VARCHAR(3) NOT NULL,
    NAME VARCHAR(255) NOT NULL,
    ROUNDINGFACTOR INTEGER,
    STRENGH INTEGER
);          
ALTER TABLE PUBLIC.CURRENCY ADD CONSTRAINT PUBLIC.CONSTRAINT_5 PRIMARY KEY(CODE);              
-- 4 +/- SELECT COUNT(*) FROM PUBLIC.CURRENCY; 
INSERT INTO PUBLIC.CURRENCY(CODE, NAME, ROUNDINGFACTOR, STRENGH) VALUES
('CHF', 'Swiss Francs', 20, NULL),
('EUR', 'Euro', 100, NULL),
('USD', 'US Dollar', 100, NULL),
('GBP', 'British Pounds', 100, NULL);  
CREATE MEMORY TABLE PUBLIC.DISCRIMINATOR(
    ID BIGINT DEFAULT (NEXT VALUE FOR PUBLIC.SYSTEM_SEQUENCE_91BA1468_9B47_4AFF_94D7_3D6C21B711CB) NOT NULL NULL_TO_DEFAULT SEQUENCE PUBLIC.SYSTEM_SEQUENCE_91BA1468_9B47_4AFF_94D7_3D6C21B711CB,
    CREATEDTS TIMESTAMP,
    MODIFIEDTS TIMESTAMP,
    UID VARCHAR(255) NOT NULL,
    VERSION BIGINT,
    NAME VARCHAR(255) NOT NULL,
    SELECTABLE BOOLEAN NOT NULL,
    PARENT_ID BIGINT
);     
ALTER TABLE PUBLIC.DISCRIMINATOR ADD CONSTRAINT PUBLIC.CONSTRAINT_4 PRIMARY KEY(ID);           
-- 0 +/- SELECT COUNT(*) FROM PUBLIC.DISCRIMINATOR;            
CREATE MEMORY TABLE PUBLIC.EXCHANGERATE(
    ID BIGINT DEFAULT (NEXT VALUE FOR PUBLIC.SYSTEM_SEQUENCE_3701709B_B7DB_496A_BB27_A0CD3CEED7F0) NOT NULL NULL_TO_DEFAULT SEQUENCE PUBLIC.SYSTEM_SEQUENCE_3701709B_B7DB_496A_BB27_A0CD3CEED7F0,
    CREATEDTS TIMESTAMP,
    MODIFIEDTS TIMESTAMP,
    UID VARCHAR(255) NOT NULL,
    VERSION BIGINT,
    DATE DATE,
    FEE DOUBLE,
    FIXFEE DOUBLE,
    RATE DOUBLE NOT NULL,
    FROMCURRENCY_CODE VARCHAR(3) NOT NULL,
    INSTITUTION_ID BIGINT,
    TOCURRENCY_CODE VARCHAR(3) NOT NULL
);  
ALTER TABLE PUBLIC.EXCHANGERATE ADD CONSTRAINT PUBLIC.CONSTRAINT_D PRIMARY KEY(ID);            
-- 3 +/- SELECT COUNT(*) FROM PUBLIC.EXCHANGERATE;             
INSERT INTO PUBLIC.EXCHANGERATE(ID, CREATEDTS, MODIFIEDTS, UID, VERSION, DATE, FEE, FIXFEE, RATE, FROMCURRENCY_CODE, INSTITUTION_ID, TOCURRENCY_CODE) VALUES
(25, TIMESTAMP '2015-12-09 11:51:43.511', NULL, '05088df3-2e7b-4e53-bd28-d6c22b5dec7b', 26, DATE '2000-01-01', NULL, NULL, 1.6, 'EUR', NULL, 'CHF'),
(27, TIMESTAMP '2015-12-09 11:51:43.511', NULL, '31b1789c-9d99-45ef-8c6e-cc85369f5dc8', 28, DATE '2015-01-01', NULL, NULL, 1.2, 'EUR', NULL, 'CHF'),
(29, TIMESTAMP '2015-12-09 11:51:43.511', NULL, '03a1a644-9da7-4e66-896a-486575835b79', 30, DATE '2015-01-01', NULL, NULL, 1.48315, 'GBP', NULL, 'CHF');
CREATE MEMORY TABLE PUBLIC.EXPENSE(
    ID BIGINT DEFAULT (NEXT VALUE FOR PUBLIC.SYSTEM_SEQUENCE_AD6AAC81_3E98_4498_9349_A20C7E3AE948) NOT NULL NULL_TO_DEFAULT SEQUENCE PUBLIC.SYSTEM_SEQUENCE_AD6AAC81_3E98_4498_9349_A20C7E3AE948,
    CREATEDTS TIMESTAMP,
    MODIFIEDTS TIMESTAMP,
    UID VARCHAR(255) NOT NULL,
    VERSION BIGINT,
    AMOUNT DECIMAL(19, 2) NOT NULL,
    DATE TIMESTAMP NOT NULL,
    DESCRIPTION VARCHAR(255),
    EXTERNALREFERENCE VARCHAR(255),
    PAYED VARCHAR(255),
    CURRENCY_CODE VARCHAR(3) NOT NULL,
    PAYEE_ID BIGINT NOT NULL,
    PAYMENT_ID BIGINT,
    TYPE_ID BIGINT
);       
ALTER TABLE PUBLIC.EXPENSE ADD CONSTRAINT PUBLIC.CONSTRAINT_DC PRIMARY KEY(ID);
-- 1 +/- SELECT COUNT(*) FROM PUBLIC.EXPENSE;  
INSERT INTO PUBLIC.EXPENSE(ID, CREATEDTS, MODIFIEDTS, UID, VERSION, AMOUNT, DATE, DESCRIPTION, EXTERNALREFERENCE, PAYED, CURRENCY_CODE, PAYEE_ID, PAYMENT_ID, TYPE_ID) VALUES
(59, TIMESTAMP '2015-12-09 11:51:43.513', NULL, '9684a46f-9b8b-432d-a586-126127afbba6', 60, 100.00, TIMESTAMP '2015-02-01 00:00:00.0', NULL, NULL, 'Migros, 1260 Nyon (CH)', 'CHF', 45, NULL, 23);               
CREATE MEMORY TABLE PUBLIC.EXPENSETYPE(
    ID BIGINT DEFAULT (NEXT VALUE FOR PUBLIC.SYSTEM_SEQUENCE_F63625BA_B94D_4B48_95AA_BBA4DE113FCA) NOT NULL NULL_TO_DEFAULT SEQUENCE PUBLIC.SYSTEM_SEQUENCE_F63625BA_B94D_4B48_95AA_BBA4DE113FCA,
    CREATEDTS TIMESTAMP,
    MODIFIEDTS TIMESTAMP,
    UID VARCHAR(255) NOT NULL,
    VERSION BIGINT,
    NAME VARCHAR(255) NOT NULL,
    SELECTABLE BOOLEAN NOT NULL,
    PAYMENTGENERATORCLASSNAME VARCHAR(255)
); 
ALTER TABLE PUBLIC.EXPENSETYPE ADD CONSTRAINT PUBLIC.CONSTRAINT_1FB PRIMARY KEY(ID);           
-- 4 +/- SELECT COUNT(*) FROM PUBLIC.EXPENSETYPE;              
INSERT INTO PUBLIC.EXPENSETYPE(ID, CREATEDTS, MODIFIEDTS, UID, VERSION, NAME, SELECTABLE, PAYMENTGENERATORCLASSNAME) VALUES
(17, TIMESTAMP '2015-12-09 11:51:43.51', NULL, '7412a386-f923-403c-85d6-a7291abb423c', 18, 'BVO', TRUE, 'w.wexpense.dta.BvoDtaFormater'),
(19, TIMESTAMP '2015-12-09 11:51:43.51', NULL, 'a23bfa53-6a91-45d0-acd9-a0bf44b189f6', 20, 'BVR', TRUE, 'w.wexpense.dta.BvrDtaFormater'),
(21, TIMESTAMP '2015-12-09 11:51:43.51', NULL, 'e7f2b0f3-6d53-40fd-a5b1-46a2d376b4e5', 22, 'iban', TRUE, 'w.wexpense.dta.IbanDtaFormater'),
(23, TIMESTAMP '2015-12-09 11:51:43.51', NULL, '6d443816-aa81-4dff-94a2-6aa901f8166e', 24, 'recu', TRUE, NULL);    
CREATE MEMORY TABLE PUBLIC.PAYEE(
    ID BIGINT DEFAULT (NEXT VALUE FOR PUBLIC.SYSTEM_SEQUENCE_F800E5D8_7077_426B_AD28_4A81E38F9888) NOT NULL NULL_TO_DEFAULT SEQUENCE PUBLIC.SYSTEM_SEQUENCE_F800E5D8_7077_426B_AD28_4A81E38F9888,
    CREATEDTS TIMESTAMP,
    MODIFIEDTS TIMESTAMP,
    UID VARCHAR(255) NOT NULL,
    VERSION BIGINT,
    ADDRESS1 VARCHAR(255),
    ADDRESS2 VARCHAR(255),
    DISPLAY VARCHAR(255),
    IBAN VARCHAR(255),
    NAME VARCHAR(255) NOT NULL,
    POSTALACCOUNT VARCHAR(255),
    PREFIX VARCHAR(255),
    BANKDETAILS_ID BIGINT,
    CITY_ID BIGINT,
    TYPE_ID BIGINT
); 
ALTER TABLE PUBLIC.PAYEE ADD CONSTRAINT PUBLIC.CONSTRAINT_48 PRIMARY KEY(ID);  
-- 6 +/- SELECT COUNT(*) FROM PUBLIC.PAYEE;    
INSERT INTO PUBLIC.PAYEE(ID, CREATEDTS, MODIFIEDTS, UID, VERSION, ADDRESS1, ADDRESS2, DISPLAY, IBAN, NAME, POSTALACCOUNT, PREFIX, BANKDETAILS_ID, CITY_ID, TYPE_ID) VALUES
(35, TIMESTAMP '2015-12-09 11:51:43.511', NULL, '4ac155ba-0a7c-45b6-a8ed-fb84cef74423', 36, '11 ch. du Grand Noyer', NULL, NULL, 'CH650022822851333340B', 'William Keyser', NULL, NULL, NULL, 9, NULL),
(37, TIMESTAMP '2015-12-09 11:51:43.512', NULL, '436093b2-4ce4-4c91-9144-cebf2905135f', 38, NULL, NULL, NULL, NULL, 'Banque Cantonale Vaudoise', NULL, NULL, NULL, 11, NULL),
(39, TIMESTAMP '2015-12-09 11:51:43.512', NULL, '570f93ef-6c62-4e8d-bff1-f6badb5d69ec', 40, 'Rue du mont-le-grand 32', NULL, NULL, 'CH8400767000T09306497', 'Blondel Yves', NULL, NULL, 37, 7, 33),
(41, TIMESTAMP '2015-12-09 11:51:43.512', NULL, '361483ce-1c69-43b0-8427-d6aaa6e88ac4', 42, 'Case Postal 1359', NULL, NULL, NULL, 'Talk Talk AG', '01-2546-3', NULL, NULL, 13, 31),
(43, TIMESTAMP '2015-12-09 11:51:43.512', NULL, '98cfe19f-e8b7-466b-95d2-964dfde4047f', 44, 'Binzmuhlestrasse 130', NULL, NULL, NULL, 'Sunrise', '01-053099-3', NULL, NULL, 15, 31),
(45, TIMESTAMP '2015-12-09 11:51:43.512', NULL, '2cafc554-74a1-4a1c-873c-86ec140d6aca', 46, NULL, NULL, NULL, NULL, 'Migros', NULL, NULL, NULL, 5, NULL);        
CREATE MEMORY TABLE PUBLIC.PAYEETYPE(
    ID BIGINT DEFAULT (NEXT VALUE FOR PUBLIC.SYSTEM_SEQUENCE_1966920D_4F9A_416F_BD21_20F355B4BB03) NOT NULL NULL_TO_DEFAULT SEQUENCE PUBLIC.SYSTEM_SEQUENCE_1966920D_4F9A_416F_BD21_20F355B4BB03,
    CREATEDTS TIMESTAMP,
    MODIFIEDTS TIMESTAMP,
    UID VARCHAR(255) NOT NULL,
    VERSION BIGINT,
    NAME VARCHAR(255) NOT NULL,
    SELECTABLE BOOLEAN NOT NULL
);               
ALTER TABLE PUBLIC.PAYEETYPE ADD CONSTRAINT PUBLIC.CONSTRAINT_9 PRIMARY KEY(ID);               
-- 2 +/- SELECT COUNT(*) FROM PUBLIC.PAYEETYPE;
INSERT INTO PUBLIC.PAYEETYPE(ID, CREATEDTS, MODIFIEDTS, UID, VERSION, NAME, SELECTABLE) VALUES
(31, TIMESTAMP '2015-12-09 11:51:43.511', NULL, '7df8db44-4189-4888-a200-fca4278f52bb', 32, 'Phone', TRUE),
(33, TIMESTAMP '2015-12-09 11:51:43.511', NULL, '979bd9bf-4b0c-4599-99fc-03694a3c7219', 34, 'Wine', TRUE);          
CREATE MEMORY TABLE PUBLIC.PAYMENT(
    ID BIGINT DEFAULT (NEXT VALUE FOR PUBLIC.SYSTEM_SEQUENCE_579ECCB2_06BA_4E6C_B972_2AA94505969F) NOT NULL NULL_TO_DEFAULT SEQUENCE PUBLIC.SYSTEM_SEQUENCE_579ECCB2_06BA_4E6C_B972_2AA94505969F,
    CREATEDTS TIMESTAMP,
    MODIFIEDTS TIMESTAMP,
    UID VARCHAR(255) NOT NULL,
    VERSION BIGINT,
    DATE DATE,
    FILENAME VARCHAR(255) NOT NULL,
    SELECTABLE BOOLEAN NOT NULL
);              
ALTER TABLE PUBLIC.PAYMENT ADD CONSTRAINT PUBLIC.CONSTRAINT_F PRIMARY KEY(ID); 
-- 0 +/- SELECT COUNT(*) FROM PUBLIC.PAYMENT;  
CREATE MEMORY TABLE PUBLIC.PAYMENTDTA(
    ID BIGINT DEFAULT (NEXT VALUE FOR PUBLIC.SYSTEM_SEQUENCE_64AEA5D7_C8D5_4CBA_9603_6910CE4844C1) NOT NULL NULL_TO_DEFAULT SEQUENCE PUBLIC.SYSTEM_SEQUENCE_64AEA5D7_C8D5_4CBA_9603_6910CE4844C1,
    CREATEDTS TIMESTAMP,
    MODIFIEDTS TIMESTAMP,
    UID VARCHAR(255) NOT NULL,
    VERSION BIGINT,
    DATA VARCHAR(128) NOT NULL,
    ORDERBY INTEGER NOT NULL,
    EXPENSE_ID BIGINT,
    PAYMENT_ID BIGINT NOT NULL
);          
ALTER TABLE PUBLIC.PAYMENTDTA ADD CONSTRAINT PUBLIC.CONSTRAINT_7 PRIMARY KEY(ID);              
-- 0 +/- SELECT COUNT(*) FROM PUBLIC.PAYMENTDTA;               
CREATE MEMORY TABLE PUBLIC.REPEATER(
    ID BIGINT DEFAULT (NEXT VALUE FOR PUBLIC.SYSTEM_SEQUENCE_80DB64FB_651D_45AC_8E74_BB56171D6BD6) NOT NULL NULL_TO_DEFAULT SEQUENCE PUBLIC.SYSTEM_SEQUENCE_80DB64FB_651D_45AC_8E74_BB56171D6BD6,
    CREATEDTS TIMESTAMP,
    MODIFIEDTS TIMESTAMP,
    UID VARCHAR(255) NOT NULL,
    VERSION BIGINT,
    CRON VARCHAR(255) NOT NULL,
    NAME VARCHAR(255) NOT NULL,
    TIMES INTEGER
);              
ALTER TABLE PUBLIC.REPEATER ADD CONSTRAINT PUBLIC.CONSTRAINT_14 PRIMARY KEY(ID);               
-- 0 +/- SELECT COUNT(*) FROM PUBLIC.REPEATER; 
CREATE MEMORY TABLE PUBLIC.TEMPLATE(
    ID BIGINT DEFAULT (NEXT VALUE FOR PUBLIC.SYSTEM_SEQUENCE_D5481D10_647F_4909_8C5E_B1F4ECF68626) NOT NULL NULL_TO_DEFAULT SEQUENCE PUBLIC.SYSTEM_SEQUENCE_D5481D10_647F_4909_8C5E_B1F4ECF68626,
    CREATEDTS TIMESTAMP,
    MODIFIEDTS TIMESTAMP,
    UID VARCHAR(255) NOT NULL,
    VERSION BIGINT,
    AMOUNT DECIMAL(19, 2),
    DESCRIPTION VARCHAR(255),
    EXTERNALREFERENCE VARCHAR(255),
    INFACTOR INTEGER,
    OUTFACTOR INTEGER,
    TEMPLATEDESCRIPTION VARCHAR(255),
    TEMPLATEMENU VARCHAR(255),
    TEMPLATENAME VARCHAR(255) NOT NULL,
    TEMPLATEORDER INTEGER,
    CURRENCY_CODE VARCHAR(3),
    INACCOUNT_ID BIGINT,
    INDISCRIMINATOR_ID BIGINT,
    OUTACCOUNT_ID BIGINT,
    OUTDISCRIMINATOR_ID BIGINT,
    PAYEE_ID BIGINT,
    TYPE_ID BIGINT
);      
ALTER TABLE PUBLIC.TEMPLATE ADD CONSTRAINT PUBLIC.CONSTRAINT_DFE PRIMARY KEY(ID);              
-- 0 +/- SELECT COUNT(*) FROM PUBLIC.TEMPLATE; 
CREATE MEMORY TABLE PUBLIC.TRANSACTIONLINE(
    ID BIGINT DEFAULT (NEXT VALUE FOR PUBLIC.SYSTEM_SEQUENCE_20EA3E6D_CC12_4D5C_8A31_71FE90002D76) NOT NULL NULL_TO_DEFAULT SEQUENCE PUBLIC.SYSTEM_SEQUENCE_20EA3E6D_CC12_4D5C_8A31_71FE90002D76,
    CREATEDTS TIMESTAMP,
    MODIFIEDTS TIMESTAMP,
    UID VARCHAR(255) NOT NULL,
    VERSION BIGINT,
    AMOUNT DECIMAL(19, 2) NOT NULL,
    BALANCE DECIMAL(19, 2),
    DATE TIMESTAMP,
    DESCRIPTION VARCHAR(255),
    FACTOR INTEGER NOT NULL,
    PERIOD INTEGER,
    VALUE DECIMAL(19, 2) NOT NULL,
    ACCOUNT_ID BIGINT NOT NULL,
    CONSOLIDATION_ID BIGINT,
    DISCRIMINATOR_ID BIGINT,
    EXCHANGERATE_ID BIGINT,
    EXPENSE_ID BIGINT
);       
ALTER TABLE PUBLIC.TRANSACTIONLINE ADD CONSTRAINT PUBLIC.CONSTRAINT_8D PRIMARY KEY(ID);        
-- 2 +/- SELECT COUNT(*) FROM PUBLIC.TRANSACTIONLINE;          
INSERT INTO PUBLIC.TRANSACTIONLINE(ID, CREATEDTS, MODIFIEDTS, UID, VERSION, AMOUNT, BALANCE, DATE, DESCRIPTION, FACTOR, PERIOD, VALUE, ACCOUNT_ID, CONSOLIDATION_ID, DISCRIMINATOR_ID, EXCHANGERATE_ID, EXPENSE_ID) VALUES
(61, TIMESTAMP '2015-12-09 11:51:43.513', NULL, '2faaccf2-ddb3-4b5c-87ba-c8f9e810a2a0', 62, 100.00, NULL, TIMESTAMP '2015-02-01 00:00:00.0', NULL, -1, NULL, 100.00, 49, NULL, NULL, NULL, 59),
(63, TIMESTAMP '2015-12-09 11:51:43.513', NULL, 'b74e13dd-4d5e-4e20-a55d-01e88827efe4', 64, 100.00, NULL, TIMESTAMP '2015-02-01 00:00:00.0', NULL, 1, NULL, 100.00, 55, NULL, NULL, NULL, 59);      
ALTER TABLE PUBLIC.EXCHANGERATE ADD CONSTRAINT PUBLIC.CONSTRAINT_DF UNIQUE(UID);               
ALTER TABLE PUBLIC.DISCRIMINATOR ADD CONSTRAINT PUBLIC.CONSTRAINT_49 UNIQUE(UID);              
ALTER TABLE PUBLIC.PAYEETYPE ADD CONSTRAINT PUBLIC.CONSTRAINT_93 UNIQUE(UID);  
ALTER TABLE PUBLIC.ACCOUNT ADD CONSTRAINT PUBLIC.CONSTRAINT_E4 UNIQUE(UID);    
ALTER TABLE PUBLIC.EXPENSETYPE ADD CONSTRAINT PUBLIC.CONSTRAINT_1FB2 UNIQUE(UID);              
ALTER TABLE PUBLIC.PAYMENTDTA ADD CONSTRAINT PUBLIC.CONSTRAINT_7D UNIQUE(UID); 
ALTER TABLE PUBLIC.TRANSACTIONLINE ADD CONSTRAINT PUBLIC.CONSTRAINT_8DE UNIQUE(UID);           
ALTER TABLE PUBLIC.PAYEE ADD CONSTRAINT PUBLIC.CONSTRAINT_486 UNIQUE(UID);     
ALTER TABLE PUBLIC.CONSOLIDATION ADD CONSTRAINT PUBLIC.CONSTRAINT_82 UNIQUE(UID);              
ALTER TABLE PUBLIC.EXPENSE ADD CONSTRAINT PUBLIC.CONSTRAINT_DCC UNIQUE(UID);   
ALTER TABLE PUBLIC.TEMPLATE ADD CONSTRAINT PUBLIC.CONSTRAINT_DFE0 UNIQUE(UID); 
ALTER TABLE PUBLIC.REPEATER ADD CONSTRAINT PUBLIC.CONSTRAINT_149 UNIQUE(UID);  
ALTER TABLE PUBLIC.PAYMENT ADD CONSTRAINT PUBLIC.CONSTRAINT_FB UNIQUE(UID);    
ALTER TABLE PUBLIC.CITY ADD CONSTRAINT PUBLIC.CONSTRAINT_1F UNIQUE(UID);       
ALTER TABLE PUBLIC.PAYEE ADD CONSTRAINT PUBLIC.FK49543283AC9FDB5 FOREIGN KEY(CITY_ID) REFERENCES PUBLIC.CITY(ID) NOCHECK;      
ALTER TABLE PUBLIC.DISCRIMINATOR ADD CONSTRAINT PUBLIC.FKBF12767C57CB15F1 FOREIGN KEY(PARENT_ID) REFERENCES PUBLIC.DISCRIMINATOR(ID) NOCHECK;  
ALTER TABLE PUBLIC.CITY ADD CONSTRAINT PUBLIC.FK200D8BB7165AD1 FOREIGN KEY(COUNTRY_CODE) REFERENCES PUBLIC.COUNTRY(CODE) NOCHECK;              
ALTER TABLE PUBLIC.ACCOUNT ADD CONSTRAINT PUBLIC.FK1D0C220DF59EEBC7 FOREIGN KEY(CURRENCY_CODE) REFERENCES PUBLIC.CURRENCY(CODE) NOCHECK;       
ALTER TABLE PUBLIC.TRANSACTIONLINE ADD CONSTRAINT PUBLIC.FKFD70FD2AFA94CDF FOREIGN KEY(ACCOUNT_ID) REFERENCES PUBLIC.ACCOUNT(ID) NOCHECK;      
ALTER TABLE PUBLIC.TEMPLATE ADD CONSTRAINT PUBLIC.FKB515309A5B8BBB7 FOREIGN KEY(TYPE_ID) REFERENCES PUBLIC.EXPENSETYPE(ID) NOCHECK;            
ALTER TABLE PUBLIC.TEMPLATE ADD CONSTRAINT PUBLIC.FKB515309A9CFEDDE4 FOREIGN KEY(INDISCRIMINATOR_ID) REFERENCES PUBLIC.DISCRIMINATOR(ID) NOCHECK;              
ALTER TABLE PUBLIC.TRANSACTIONLINE ADD CONSTRAINT PUBLIC.FKFD70FD2542BBABF FOREIGN KEY(DISCRIMINATOR_ID) REFERENCES PUBLIC.DISCRIMINATOR(ID) NOCHECK;          
ALTER TABLE PUBLIC.PAYEE ADD CONSTRAINT PUBLIC.FK495432896A05241 FOREIGN KEY(BANKDETAILS_ID) REFERENCES PUBLIC.PAYEE(ID) NOCHECK;              
ALTER TABLE PUBLIC.EXPENSE ADD CONSTRAINT PUBLIC.FK152D6038F59EEBC7 FOREIGN KEY(CURRENCY_CODE) REFERENCES PUBLIC.CURRENCY(CODE) NOCHECK;       
ALTER TABLE PUBLIC.TEMPLATE ADD CONSTRAINT PUBLIC.FKB515309AE4B10E0D FOREIGN KEY(OUTDISCRIMINATOR_ID) REFERENCES PUBLIC.DISCRIMINATOR(ID) NOCHECK;             
ALTER TABLE PUBLIC.EXCHANGERATE ADD CONSTRAINT PUBLIC.FK5F01D9C39C357D2C FOREIGN KEY(TOCURRENCY_CODE) REFERENCES PUBLIC.CURRENCY(CODE) NOCHECK;
ALTER TABLE PUBLIC.PAYMENTDTA ADD CONSTRAINT PUBLIC.FKD6F4320BCC4C18FF FOREIGN KEY(EXPENSE_ID) REFERENCES PUBLIC.EXPENSE(ID) NOCHECK;          
ALTER TABLE PUBLIC.TRANSACTIONLINE ADD CONSTRAINT PUBLIC.FKFD70FD2CB63D0BF FOREIGN KEY(CONSOLIDATION_ID) REFERENCES PUBLIC.CONSOLIDATION(ID) NOCHECK;          
ALTER TABLE PUBLIC.TEMPLATE ADD CONSTRAINT PUBLIC.FKB515309A164AB2AD FOREIGN KEY(OUTACCOUNT_ID) REFERENCES PUBLIC.ACCOUNT(ID) NOCHECK;         
ALTER TABLE PUBLIC.EXPENSE ADD CONSTRAINT PUBLIC.FK152D60385B8BBB7 FOREIGN KEY(TYPE_ID) REFERENCES PUBLIC.EXPENSETYPE(ID) NOCHECK;             
ALTER TABLE PUBLIC.EXPENSE ADD CONSTRAINT PUBLIC.FK152D6038C5D7C03F FOREIGN KEY(PAYEE_ID) REFERENCES PUBLIC.PAYEE(ID) NOCHECK; 
ALTER TABLE PUBLIC.TRANSACTIONLINE ADD CONSTRAINT PUBLIC.FKFD70FD2CC4C18FF FOREIGN KEY(EXPENSE_ID) REFERENCES PUBLIC.EXPENSE(ID) ON DELETE CASCADE NOCHECK;    
ALTER TABLE PUBLIC.PAYMENTDTA ADD CONSTRAINT PUBLIC.FKD6F4320B56F6923F FOREIGN KEY(PAYMENT_ID) REFERENCES PUBLIC.PAYMENT(ID) NOCHECK;          
ALTER TABLE PUBLIC.TEMPLATE ADD CONSTRAINT PUBLIC.FKB515309AF59EEBC7 FOREIGN KEY(CURRENCY_CODE) REFERENCES PUBLIC.CURRENCY(CODE) NOCHECK;      
ALTER TABLE PUBLIC.ACCOUNT ADD CONSTRAINT PUBLIC.FK1D0C220D5AF1E142 FOREIGN KEY(PARENT_ID) REFERENCES PUBLIC.ACCOUNT(ID) NOCHECK;              
ALTER TABLE PUBLIC.CONSOLIDATION ADD CONSTRAINT PUBLIC.FKF8DF3E0CD6BF7CF FOREIGN KEY(INSTITUTION_ID) REFERENCES PUBLIC.PAYEE(ID) NOCHECK;      
ALTER TABLE PUBLIC.EXCHANGERATE ADD CONSTRAINT PUBLIC.FK5F01D9C3D6BF7CF FOREIGN KEY(INSTITUTION_ID) REFERENCES PUBLIC.PAYEE(ID) NOCHECK;       
ALTER TABLE PUBLIC.TEMPLATE ADD CONSTRAINT PUBLIC.FKB515309AC5D7C03F FOREIGN KEY(PAYEE_ID) REFERENCES PUBLIC.PAYEE(ID) NOCHECK;
ALTER TABLE PUBLIC.EXCHANGERATE ADD CONSTRAINT PUBLIC.FK5F01D9C3ADD4185D FOREIGN KEY(FROMCURRENCY_CODE) REFERENCES PUBLIC.CURRENCY(CODE) NOCHECK;              
ALTER TABLE PUBLIC.TEMPLATE ADD CONSTRAINT PUBLIC.FKB515309AD1CAEFC4 FOREIGN KEY(INACCOUNT_ID) REFERENCES PUBLIC.ACCOUNT(ID) NOCHECK;          
ALTER TABLE PUBLIC.PAYEE ADD CONSTRAINT PUBLIC.FK495432850B35BE7 FOREIGN KEY(TYPE_ID) REFERENCES PUBLIC.PAYEETYPE(ID) NOCHECK; 
ALTER TABLE PUBLIC.COUNTRY ADD CONSTRAINT PUBLIC.FK9C4FEF76F59EEBC7 FOREIGN KEY(CURRENCY_CODE) REFERENCES PUBLIC.CURRENCY(CODE) NOCHECK;       
ALTER TABLE PUBLIC.TRANSACTIONLINE ADD CONSTRAINT PUBLIC.FKFD70FD2D4A74FD5 FOREIGN KEY(EXCHANGERATE_ID) REFERENCES PUBLIC.EXCHANGERATE(ID) NOCHECK;            
ALTER TABLE PUBLIC.ACCOUNT ADD CONSTRAINT PUBLIC.FK1D0C220DD70044F4 FOREIGN KEY(OWNER_ID) REFERENCES PUBLIC.PAYEE(ID) NOCHECK; 
ALTER TABLE PUBLIC.EXPENSE ADD CONSTRAINT PUBLIC.FK152D603856F6923F FOREIGN KEY(PAYMENT_ID) REFERENCES PUBLIC.PAYMENT(ID) NOCHECK;             
