
INSERT INTO PUBLIC.CURRENCY(CODE, NAME, ROUNDINGFACTOR, STRENGH) VALUES('CHF', 'Swiss Francs', 20, NULL),('EUR', 'Euro', 100, NULL),('USD', 'US Dollar', 100, NULL),('GBP', 'British Pounds', 100, NULL);

INSERT INTO PUBLIC.COUNTRY(CODE, NAME, CURRENCY_CODE) VALUES ('CH', 'Switzerland', 'CHF'),('UK', 'United Kingdom', 'GBP'),('FR', 'France', 'EUR'),('IT', 'Italie', 'EUR'),('DE', 'Germany', 'EUR'),('US', 'United States of America', 'USD');             

INSERT INTO PUBLIC.CITY(ID, CREATEDTS, MODIFIEDTS, UID, VERSION, DISPLAY, NAME, ZIP, COUNTRY_CODE) VALUES(1, TIMESTAMP '2015-12-09 11:12:43.347', NULL, '3a29cfff-2b27-402a-8e69-1d840fbe6fcd', 2, NULL, 'London', NULL, 'UK'),(3, TIMESTAMP '2015-12-09 11:12:43.347', NULL, 'c339e20a-e2b0-4366-ada3-a00c69dc7430', 4, NULL, 'Paris', NULL, 'FR'),(5, TIMESTAMP '2015-12-09 11:12:43.347', NULL, '70122e4f-e44a-42ec-a649-aada598f56be', 6, NULL, 'Nyon', '1260', 'CH'),(7, TIMESTAMP '2015-12-09 11:12:43.348', NULL, '85f421f5-f69a-417f-ac21-2df7eb3281f4', 8, NULL, 'Gland', '1196', 'CH'),(9, TIMESTAMP '2015-12-09 11:12:43.348', NULL, 'b921050a-065d-40dc-85c7-b4c10144b583', 10, NULL, 'Prangins', '1197', 'CH'),(11, TIMESTAMP '2015-12-09 11:12:43.348', NULL, 'bde6cbd1-af1b-4b01-9333-615fe0c832b3', 12, NULL, 'Lausanne', '1001', 'CH'),(13, TIMESTAMP '2015-12-09 11:12:43.348', NULL, 'eaa55885-4cc1-4975-928c-d0b557511e83', 14, NULL, 'Zoug ', '6000', 'CH'),(15, TIMESTAMP '2015-12-09 11:12:43.348', NULL, 'f93601ad-b05b-42c5-ad6b-3d9f06aa7ade', 16, NULL, 'Zurich', '8000', 'CH');            

INSERT INTO PUBLIC.PAYEETYPE(ID, CREATEDTS, MODIFIEDTS, UID, VERSION, NAME, SELECTABLE) VALUES(31, TIMESTAMP '2015-12-09 11:12:43.349', NULL, 'ef83d4bf-4b78-4db2-ae9a-efb60231ae97', 32, 'Phone', TRUE),(33, TIMESTAMP '2015-12-09 11:12:43.35', NULL, '8e17788e-93fb-4d84-a85a-c004201b76b2', 34, 'Wine', TRUE);           

INSERT INTO PUBLIC.PAYEE(ID, CREATEDTS, MODIFIEDTS, UID, VERSION, ADDRESS1, ADDRESS2, DISPLAY, IBAN, NAME, POSTALACCOUNT, PREFIX, BANKDETAILS_ID, CITY_ID, TYPE_ID) VALUES(35, TIMESTAMP '2015-12-09 11:12:43.35', NULL, '2ccfa9f9-69ea-41a7-819b-ca9177f9d52e', 36, '11 ch. du Grand Noyer', NULL, NULL, 'CH650022822851333340B', 'William Keyser', NULL, NULL, NULL, 9, NULL),(37, TIMESTAMP '2015-12-09 11:12:43.35', NULL, '3c311b68-15fa-4bc6-9627-852b0b05af11', 38, NULL, NULL, NULL, NULL, 'Banque Cantonale Vaudoise', NULL, NULL, NULL, 11, NULL),(39, TIMESTAMP '2015-12-09 11:12:43.35', NULL, 'e3bf480f-a38f-400f-9958-b27c26ca439b', 40, 'Rue du mont-le-grand 32', NULL, NULL, 'CH8400767000T09306497', 'Blondel Yves', NULL, NULL, 37, 7, 33),(41, TIMESTAMP '2015-12-09 11:12:43.35', NULL, 'a63f1472-b400-42d1-82a8-c93e413e6df9', 42, 'Case Postal 1359', NULL, NULL, NULL, 'Talk Talk AG', '01-2546-3', NULL, NULL, 13, 31),(43, TIMESTAMP '2015-12-09 11:12:43.35', NULL, 'd0569bc9-6d48-40ff-bd84-19fffb4a2ac4', 44, 'Binzmuhlestrasse 130', NULL, NULL, NULL, 'Sunrise', '01-053099-3', NULL, NULL, 15, 31),(45, TIMESTAMP '2015-12-09 11:12:43.35', NULL, 'fc011718-f3db-4faa-9487-ca891cabcedb', 46, NULL, NULL, NULL, NULL, 'Migros', NULL, NULL, NULL, 5, NULL);              

INSERT INTO PUBLIC.ACCOUNT(ID, CREATEDTS, MODIFIEDTS, UID, VERSION, NAME, SELECTABLE, DISPLAY, EXTERNALREFERENCE, FULLNAME, FULLNUMBER, NUMBER, TYPE, CURRENCY_CODE, OWNER_ID, PARENT_ID) VALUES(47, TIMESTAMP '2015-12-09 11:12:43.35', NULL, 'f6a982b5-fd48-4cf6-8907-e4bd5e2f69fb', 48, 'Asset', TRUE, NULL, NULL, 'Asset', '1', '1', 'ASSET', 'CHF', NULL, NULL),(49, TIMESTAMP '2015-12-09 11:12:43.35', NULL, '227e097c-0134-4498-86f3-4006732147b9', 50, 'Cash', TRUE, NULL, NULL, 'Asset:Cash', '1:2', '2', 'ASSET', 'CHF', NULL, 47),(51, TIMESTAMP '2015-12-09 11:12:43.35', NULL, '79ccdd51-94ef-4def-9391-e6e0e221c421', 52, 'Expense', TRUE, NULL, NULL, 'Expense', '3', '3', 'EXPENSE', 'CHF', NULL, NULL),(53, TIMESTAMP '2015-12-09 11:12:43.35', NULL, 'bf5c3611-cf9a-44c7-820d-09c17bdef045', 54, 'Food', TRUE, NULL, NULL, 'Expense:Food', '3:4', '4', 'EXPENSE', 'CHF', NULL, 51),(55, TIMESTAMP '2015-12-09 11:12:43.35', NULL, '33334667-1b12-44b5-8912-d244851efbaf', 56, 'Car', TRUE, NULL, NULL, 'Expense:Car', '3:5', '5', 'EXPENSE', 'CHF', NULL, 51),(57, TIMESTAMP '2015-12-09 11:12:43.35', NULL, '535947b7-99bc-4d04-a1b5-b55b225546dc', 58, 'Misc', TRUE, NULL, NULL, 'Expense:Misc', '3:6', '6', 'EXPENSE', 'CHF', NULL, 51);           

INSERT INTO PUBLIC.EXCHANGERATE(ID, CREATEDTS, MODIFIEDTS, UID, VERSION, DATE, FEE, FIXFEE, RATE, FROMCURRENCY_CODE, INSTITUTION_ID, TOCURRENCY_CODE) VALUES(25, TIMESTAMP '2015-12-09 11:12:43.349', NULL, '064c5725-a949-4a11-9683-16bea26d41a6', 26, DATE '2000-01-01', NULL, NULL, 1.6, 'EUR', NULL, 'CHF'),(27, TIMESTAMP '2015-12-09 11:12:43.349', NULL, '43097ddd-ef5c-4afc-8d9e-8e887450e3b0', 28, DATE '2015-01-01', NULL, NULL, 1.2, 'EUR', NULL, 'CHF'),(29, TIMESTAMP '2015-12-09 11:12:43.349', NULL, 'a8ce53d4-9deb-4f86-9409-ab65d590f742', 30, DATE '2015-01-01', NULL, NULL, 1.48315, 'GBP', NULL, 'CHF');

INSERT INTO PUBLIC.EXPENSETYPE(ID, CREATEDTS, MODIFIEDTS, UID, VERSION, NAME, SELECTABLE, PAYMENTGENERATORCLASSNAME) VALUES(17, TIMESTAMP '2015-12-09 11:12:43.348', NULL, 'e6a0dd98-a42e-4430-a7af-77fb46ff2dd7', 18, 'BVO', TRUE, 'w.wexpense.dta.BvoDtaFormater'),(19, TIMESTAMP '2015-12-09 11:12:43.348', NULL, '7278cd1e-2f8f-4308-ab9b-710d1d9a7ef8', 20, 'BVR', TRUE, 'w.wexpense.dta.BvrDtaFormater'),(21, TIMESTAMP '2015-12-09 11:12:43.349', NULL, 'ee4afb26-6982-48f3-8393-990272945f82', 22, 'iban', TRUE, 'w.wexpense.dta.IbanDtaFormater'),(23, TIMESTAMP '2015-12-09 11:12:43.349', NULL, 'ccba39aa-6718-4a53-ac19-2523465a8608', 24, 'recu', TRUE, NULL);

INSERT INTO PUBLIC.EXPENSE(ID, CREATEDTS, MODIFIEDTS, UID, VERSION, AMOUNT, DATE, DESCRIPTION, EXTERNALREFERENCE, PAYED, CURRENCY_CODE, PAYEE_ID, PAYMENT_ID, TYPE_ID) VALUES(59, TIMESTAMP '2015-12-09 11:12:43.35', NULL, '2d60b582-61d2-4b72-840c-f8636c8ff865', 60, 100.00, TIMESTAMP '2015-02-01 00:00:00.0', NULL, NULL, 'Migros, 1260 Nyon (CH)', 'CHF', 45, NULL, 23);
          
INSERT INTO PUBLIC.TRANSACTIONLINE(ID, CREATEDTS, MODIFIEDTS, UID, VERSION, AMOUNT, BALANCE, DATE, DESCRIPTION, FACTOR, PERIOD, VALUE, ACCOUNT_ID, CONSOLIDATION_ID, DISCRIMINATOR_ID, EXCHANGERATE_ID, EXPENSE_ID) VALUES(61, TIMESTAMP '2015-12-09 11:12:43.351', NULL, 'f6ae5997-446d-446c-bff7-eef766ba1b67', 62, 100.00, NULL, TIMESTAMP '2015-02-01 00:00:00.0', NULL, -1, NULL, 100.00, 49, NULL, NULL, NULL, 59),(63, TIMESTAMP '2015-12-09 11:12:43.351', NULL, '60c23049-5bbe-4b01-b71e-ed080a4942a6', 64, 100.00, NULL, TIMESTAMP '2015-02-01 00:00:00.0', NULL, 1, NULL, 100.00, 55, NULL, NULL, NULL, 59);      
